USE master
GO

CREATE DATABASE IBANK
go

USE IBANK
GO


CREATE TABLE AMASTER
(
		ACID			INTEGER			Primary Key,
		NAME			VARCHAR(100)	NOT NULL,
		ADDRESS			VARCHAR(100)	NOT NULL,
		BRID			CHAR(3)			NOT NULL	Foreign Key REFERENCES BMASTER(BRID),
		PID				CHAR(3)			NOT NULL	Foreign Key REFERENCES PMASTER(PID),
		DOO				DATETIME		NOT NULL,
		CBAL			MONEY			NULL,
		UBAL			MONEY			NULL,
		STATUS			CHAR(1)			NOT NULL	CHECK (STATUS IN ('O','I','C'))
)
GO

SELECT * FROM AMASTER
GO

ALTER TABLE AMASTER
ALTER COLUMN PID CHAR(3)
GO

ALTER TABLE AMASTER
ADD CONSTRAINT PID
FOREIGN KEY REFERENCES PMASTER(PID)
GO

INSERT INTO AMASTER (ACID, NAME, ADDRESS, BRID, PID, DOO, CBAL, UBAL, STATUS) VALUES
(1001, 'John Doe', '123 Elm St, City A', 'B01', 'P01', '2023-01-15', 5000.00, 4500.00, 'O'),
(1002, 'Jane Smith', '456 Oak Rd, City B', 'B02', 'P02', '2023-02-20', 3000.00, 2500.00, 'I'),
(1003, 'Alice Johnson', '789 Pine Ave, City C', 'B03', 'P03', '2023-03-25', 7000.00, 6500.00, 'O'),
(1004, 'Bob Brown', '321 Maple Blvd, City D', 'B04', 'P04', '2023-04-10', 2000.00, 1500.00, 'C'),
(1005, 'Charlie Davis', '654 Birch Ln, City E', 'B05', 'P05', '2023-05-05', 6000.00, 5500.00, 'O'),
(1006, 'Diana Evans', '987 Cedar Dr, City A', 'B01', 'P06', '2023-06-15', 4000.00, 3500.00, 'I'),
(1007, 'Ethan Green', '135 Ash Ct, City B', 'B02', 'P07', '2023-07-20', 8000.00, 7500.00, 'O'),
(1008, 'Fiona Harris', '246 Redwood Pkwy, City C', 'B03', 'P08', '2023-08-25', 10000.00, 9500.00, 'C'),
(1009, 'George Hill', '369 Sequoia St, City D', 'B04', 'P09', '2023-09-10', 5000.00, 4500.00, 'O'),
(1010, 'Hannah Lee', '482 Fir Ave, City E', 'B05', 'P7', '2023-10-05', 3000.00, 2500.00, 'I'),
(1011, 'Ian Walker', '111 Spruce St, City A', 'B01', 'P01', '2023-11-12', 4200.00, 3800.00, 'O'),
(1012, 'Julia Adams', '222 Walnut Rd, City B', 'B02', 'P02', '2023-12-01', 3100.00, 2700.00, 'C'),
(1013, 'Kevin Baker', '333 Cherry Ln, City C', 'B03', 'P03', '2024-01-15', 5500.00, 5000.00, 'O'),
(1014, 'Laura Clark', '444 Poplar Dr, City D', 'B04', 'P04', '2024-02-20', 6200.00, 5800.00, 'I'),
(1015, 'Michael Davis', '555 Magnolia Ave, City E', 'B05', 'P05', '2024-03-25', 4700.00, 4300.00, 'O'),
(1016, 'Nancy Edwards', '666 Willow St, City A', 'B01', 'P06', '2024-04-10', 3900.00, 3500.00, 'C'),
(1017, 'Oliver Foster', '777 Elm Rd, City B', 'B02', 'P07', '2024-05-05', 8000.00, 7500.00, 'O'),
(1018, 'Paula Garcia', '888 Oak Blvd, City C', 'B03', 'P08', '2024-06-15', 9000.00, 8500.00, 'I'),
(1019, 'Quentin Harris', '999 Pine Ln, City D', 'B04', 'P09', '2024-07-20', 5300.00, 4800.00, 'O'),
(1020, 'Rachel Johnson', '101 Cedar Dr, City E', 'B05', 'P7', '2024-08-25', 3100.00, 2700.00, 'C'),
(1021, 'Sam King', '102 Spruce St, City A', 'B01', 'P01', '2024-09-10', 4200.00, 3800.00, 'O'),
(1022, 'Tina Lewis', '103 Walnut Rd, City B', 'B02', 'P02', '2024-10-05', 3300.00, 2900.00, 'I'),
(1023, 'Uma Martin', '104 Cherry Ln, City C', 'B03', 'P03', '2024-11-12', 5600.00, 5100.00, 'O'),
(1024, 'Victor Nelson', '105 Poplar Dr, City D', 'B04', 'P04', '2024-12-01', 6300.00, 5900.00, 'C'),
(1025, 'Wendy Owens', '106 Magnolia Ave, City E', 'B05', 'P05', '2025-01-15', 4800.00, 4400.00, 'O'),
(1026, 'Xander Parker', '107 Willow St, City A', 'B01', 'P06', '2025-02-20', 4000.00, 3600.00, 'I'),
(1027, 'Yvonne Quinn', '108 Elm Rd, City B', 'B02', 'P07', '2025-03-25', 8100.00, 7600.00, 'O'),
(1028, 'Zachary Reed', '109 Oak Blvd, City C', 'B03', 'P08', '2025-04-10', 9200.00, 8700.00, 'C'),
(1029, 'Amy Scott', '110 Pine Ln, City D', 'B04', 'P09', '2025-05-05', 5400.00, 4900.00, 'O'),
(1030, 'Brian Turner', '111 Cedar Dr, City E', 'B05', 'P7', '2025-06-15', 3200.00, 2800.00, 'I'),
(1031, 'Catherine Allen', '112 Maple St, City A', 'B01', 'P01', '2025-06-20', 4600.00, 4100.00, 'O'),
(1032, 'Daniel Baker', '113 Oak Rd, City B', 'B02', 'P02', '2025-06-22', 3700.00, 3200.00, 'I'),
(1033, 'Elena Carter', '114 Pine Ln, City C', 'B03', 'P03', '2025-06-25', 5900.00, 5400.00, 'O'),
(1034, 'Franklin Diaz', '115 Cedar Dr, City D', 'B04', 'P04', '2025-06-28', 6800.00, 6300.00, 'C'),
(1035, 'Grace Evans', '116 Spruce St, City E', 'B05', 'P05', '2025-07-01', 4900.00, 4400.00, 'O'),
(1036, 'Henry Foster', '117 Walnut Rd, City A', 'B01', 'P06', '2025-07-03', 4200.00, 3700.00, 'I'),
(1037, 'Isabella Garcia', '118 Cherry Ln, City B', 'B02', 'P07', '2025-07-05', 8100.00, 7600.00, 'O'),
(1038, 'Jack Harris', '119 Poplar Dr, City C', 'B03', 'P08', '2025-07-08', 9300.00, 8800.00, 'C'),
(1039, 'Karen Johnson', '120 Magnolia Ave, City D', 'B04', 'P09', '2025-07-10', 5500.00, 5000.00, 'O'),
(1040, 'Leo King', '121 Willow St, City E', 'B05', 'P7', '2025-07-12', 3300.00, 2800.00, 'I'),
(1041, 'Mia Lee', '122 Elm Rd, City A', 'B01', 'P01', '2025-07-14', 4700.00, 4200.00, 'O'),
(1042, 'Nathan Martin', '123 Oak Blvd, City B', 'B02', 'P02', '2025-07-16', 3800.00, 3300.00, 'I'),
(1043, 'Olivia Nelson', '124 Pine Ln, City C', 'B03', 'P03', '2025-07-18', 6000.00, 5500.00, 'O'),
(1044, 'Patrick Owens', '125 Cedar Dr, City D', 'B04', 'P04', '2025-07-20', 6900.00, 6400.00, 'C'),
(1045, 'Quinn Parker', '126 Spruce St, City E', 'B05', 'P05', '2025-07-22', 5000.00, 4500.00, 'O'),
(1046, 'Rebecca Quinn', '127 Walnut Rd, City A', 'B01', 'P06', '2025-07-24', 4300.00, 3800.00, 'I'),
(1047, 'Steven Reed', '128 Cherry Ln, City B', 'B02', 'P07', '2025-07-26', 8200.00, 7700.00, 'O'),
(1048, 'Theresa Scott', '129 Poplar Dr, City C', 'B03', 'P08', '2025-07-28', 9400.00, 8900.00, 'C'),
(1049, 'Ulysses Turner', '130 Magnolia Ave, City D', 'B04', 'P09', '2025-07-30', 5600.00, 5100.00, 'O'),
(1050, 'Vanessa Underwood', '131 Willow St, City E', 'B05', 'P7', '2025-08-01', 3400.00, 2900.00, 'I'),
(1051, 'William Vaughn', '132 Elm Rd, City A', 'B01', 'P01', '2025-08-03', 4800.00, 4300.00, 'O'),
(1052, 'Xena White', '133 Oak Blvd, City B', 'B02', 'P02', '2025-08-05', 3900.00, 3400.00, 'I'),
(1053, 'Yara Young', '134 Pine Ln, City C', 'B03', 'P03', '2025-08-07', 6100.00, 5600.00, 'O'),
(1054, 'Zane Adams', '135 Cedar Dr, City D', 'B04', 'P04', '2025-08-09', 7000.00, 6500.00, 'C'),
(1055, 'Abigail Baker', '136 Spruce St, City E', 'B05', 'P05', '2025-08-11', 5100.00, 4600.00, 'O'),
(1056, 'Benjamin Clark', '137 Walnut Rd, City A', 'B01', 'P06', '2025-08-13', 4400.00, 3900.00, 'I'),
(1057, 'Chloe Davis', '138 Cherry Ln, City B', 'B02', 'P07', '2025-08-15', 8300.00, 7800.00, 'O'),
(1058, 'David Edwards', '139 Poplar Dr, City C', 'B03', 'P08', '2025-08-17', 9500.00, 9000.00, 'C'),
(1059, 'Ella Foster', '140 Magnolia Ave, City D', 'B04', 'P09', '2025-08-19', 5700.00, 5200.00, 'O'),
(1060, 'Felix Garcia', '141 Willow St, City E', 'B05', 'P7', '2025-08-21', 3500.00, 3000.00, 'I'),
(1061, 'Grace Harris', '142 Elm Rd, City A', 'B01', 'P01', '2025-08-23', 4900.00, 4400.00, 'O'),
(1062, 'Henry Johnson', '143 Oak Blvd, City B', 'B02', 'P02', '2025-08-25', 4000.00, 3500.00, 'I'),
(1063, 'Isabel King', '144 Pine Ln, City C', 'B03', 'P03', '2025-08-27', 6200.00, 5700.00, 'O'),
(1064, 'Jack Lee', '145 Cedar Dr, City D', 'B04', 'P04', '2025-08-29', 7100.00, 6600.00, 'C'),
(1065, 'Kara Martin', '146 Spruce St, City E', 'B05', 'P05', '2025-08-31', 5200.00, 4700.00, 'O'),
(1066, 'Liam Nelson', '147 Walnut Rd, City A', 'B01', 'P06', '2025-09-02', 4500.00, 4000.00, 'I'),
(1067, 'Mia Owens', '148 Cherry Ln, City B', 'B02', 'P07', '2025-09-04', 8400.00, 7900.00, 'O'),
(1068, 'Noah Parker', '149 Poplar Dr, City C', 'B03', 'P08', '2025-09-06', 9600.00, 9100.00, 'C'),
(1069, 'Olivia Quinn', '150 Magnolia Ave, City D', 'B04', 'P09', '2025-09-08', 5800.00, 5300.00, 'O'),
(1070, 'Paul Reed', '151 Willow St, City E', 'B05', 'P7', '2025-09-10', 3600.00, 3100.00, 'I'),
(1071, 'Quinn Roberts', '152 Elm St, City A', 'B01', 'P01', '2025-09-12', 5000.00, 4500.00, 'O'),
(1072, 'Rachel Simmons', '153 Oak Rd, City B', 'B02', 'P02', '2025-09-14', 4100.00, 3600.00, 'I'),
(1073, 'Samuel Taylor', '154 Pine Ln, City C', 'B03', 'P03', '2025-09-16', 6300.00, 5800.00, 'O'),
(1074, 'Tina Underwood', '155 Cedar Dr, City D', 'B04', 'P04', '2025-09-18', 7200.00, 6700.00, 'C'),
(1075, 'Umar Vincent', '156 Spruce St, City E', 'B05', 'P05', '2025-09-20', 5300.00, 4800.00, 'O'),
(1076, 'Victoria White', '157 Walnut Rd, City A', 'B01', 'P06', '2025-09-22', 4600.00, 4100.00, 'I'),
(1077, 'William Xander', '158 Cherry Ln, City B', 'B02', 'P07', '2025-09-24', 8500.00, 8000.00, 'O'),
(1078, 'Ximena Young', '159 Poplar Dr, City C', 'B03', 'P08', '2025-09-26', 9700.00, 9200.00, 'C'),
(1079, 'Yara Zane', '160 Magnolia Ave, City D', 'B04', 'P09', '2025-09-28', 5900.00, 5400.00, 'O'),
(1080, 'Zachary Allen', '161 Willow St, City E', 'B05', 'P7', '2025-09-30', 3700.00, 3200.00, 'I'),
(1081, 'Abby Brown', '162 Elm Rd, City A', 'B01', 'P01', '2025-10-02', 5100.00, 4600.00, 'O'),
(1082, 'Blake Carter', '163 Oak Blvd, City B', 'B02', 'P02', '2025-10-04', 4200.00, 3700.00, 'I'),
(1083, 'Clara Davis', '164 Pine Ln, City C', 'B03', 'P03', '2025-10-06', 6400.00, 5900.00, 'O'),
(1084, 'Derek Edwards', '165 Cedar Dr, City D', 'B04', 'P04', '2025-10-08', 7300.00, 6800.00, 'C'),
(1085, 'Ella Foster', '166 Spruce St, City E', 'B05', 'P05', '2025-10-10', 5400.00, 4900.00, 'O'),
(1086, 'Felix Green', '167 Walnut Rd, City A', 'B01', 'P06', '2025-10-12', 4700.00, 4200.00, 'I'),
(1087, 'Grace Harris', '168 Cherry Ln, City B', 'B02', 'P07', '2025-10-14', 8600.00, 8100.00, 'O'),
(1088, 'Hector Irving', '169 Poplar Dr, City C', 'B03', 'P08', '2025-10-16', 9800.00, 9300.00, 'C'),
(1089, 'Isla Johnson', '170 Magnolia Ave, City D', 'B04', 'P09', '2025-10-18', 6000.00, 5500.00, 'O'),
(1090, 'Jack Kelly', '171 Willow St, City E', 'B05', 'P7', '2025-10-20', 3800.00, 3300.00, 'I'),
(1091, 'Katie Lewis', '172 Elm Rd, City A', 'B01', 'P01', '2025-10-22', 5200.00, 4700.00, 'O'),
(1092, 'Liam Moore', '173 Oak Blvd, City B', 'B02', 'P02', '2025-10-24', 4300.00, 3800.00, 'I'),
(1093, 'Mia Nolan', '174 Pine Ln, City C', 'B03', 'P03', '2025-10-26', 6500.00, 6000.00, 'O'),
(1094, 'Noah Owens', '175 Cedar Dr, City D', 'B04', 'P04', '2025-10-28', 7400.00, 6900.00, 'C'),
(1095, 'Olivia Parker', '176 Spruce St, City E', 'B05', 'P05', '2025-10-30', 5500.00, 5000.00, 'O'),
(1096, 'Paul Quinn', '177 Walnut Rd, City A', 'B01', 'P06', '2025-11-01', 4800.00, 4300.00, 'I'),
(1097, 'Quinn Roberts', '178 Cherry Ln, City B', 'B02', 'P07', '2025-11-03', 8700.00, 8200.00, 'O'),
(1098, 'Rachel Scott', '179 Poplar Dr, City C', 'B03', 'P08', '2025-11-05', 9900.00, 9400.00, 'C'),
(1099, 'Samuel Turner', '180 Magnolia Ave, City D', 'B04', 'P09', '2025-11-07', 6100.00, 5600.00, 'O'),
(1100, 'Tina Underwood', '181 Willow St, City E', 'B05', 'P7', '2025-11-09', 3900.00, 3400.00, 'I')
GO
/************************************************************************************************/
CREATE TABLE PMASTER
(
	PID				CHAR(2)			Primary Key,
	PRODUCTNAME		VARCHAR(100)	NOT NULL
)
GO

ALTER TABLE PMASTER
ALTER COLUMN PID CHAR(3)
GO

ALTER TABLE PMASTER
ADD CONSTRAINT PK_PMASTER PRIMARY KEY (PID)
GO


INSERT INTO PMASTER (PID, PRODUCTNAME) VALUES ('P1', 'Savings Account')
INSERT INTO PMASTER (PID, PRODUCTNAME) VALUES ('P2', 'Current Account')
INSERT INTO PMASTER (PID, PRODUCTNAME) VALUES ('P3', 'Fixed Deposit')
INSERT INTO PMASTER (PID, PRODUCTNAME) VALUES ('P4', 'Recurring Deposit')
INSERT INTO PMASTER (PID, PRODUCTNAME) VALUES ('P5', 'Home Loan')
INSERT INTO PMASTER (PID, PRODUCTNAME) VALUES ('P06', 'Personal Loan')
INSERT INTO PMASTER (PID, PRODUCTNAME) VALUES ('P07', 'Car Loan')
INSERT INTO PMASTER (PID, PRODUCTNAME) VALUES ('P08', 'Credit Card')
INSERT INTO PMASTER (PID, PRODUCTNAME) VALUES ('P09', 'Debit Card')
INSERT INTO PMASTER (PID, PRODUCTNAME) VALUES ('P10', 'Education Loan')
GO

/************************************************************************************************/
CREATE TABLE RMASTER
(
	RID				INTEGER			Primary Key,
	REGIONNAME		CHAR(10)		NOT NULL
)
GO

INSERT INTO RMASTER (RID, REGIONNAME) VALUES (1, 'NORTH')
INSERT INTO RMASTER (RID, REGIONNAME) VALUES (2, 'SOUTH')
INSERT INTO RMASTER (RID, REGIONNAME) VALUES (3, 'EAST')
INSERT INTO RMASTER (RID, REGIONNAME) VALUES (4, 'WEST')
INSERT INTO RMASTER (RID, REGIONNAME) VALUES (5, 'CENTRAL')
GO

/************************************************************************************************/
CREATE TABLE UMASTER
(
	USERID			INTEGER			Primary Key,
	USERNAME		VARCHAR(50)		NOT NULL,
	DESIGNATION		CHAR(1)			check (DESIGNATION in ('M', 'T', 'C', 'O')) NOT NULL
)
GO

INSERT INTO UMASTER (USERID, USERNAME, DESIGNATION) VALUES (101, 'Alice Johnson', 'M')
INSERT INTO UMASTER (USERID, USERNAME, DESIGNATION) VALUES (102, 'Bob Smith', 'T')
INSERT INTO UMASTER (USERID, USERNAME, DESIGNATION) VALUES (103, 'Charlie Davis', 'C')
INSERT INTO UMASTER (USERID, USERNAME, DESIGNATION) VALUES (104, 'Diana Evans', 'O')
INSERT INTO UMASTER (USERID, USERNAME, DESIGNATION) VALUES (105, 'Ethan Brown', 'M')
INSERT INTO UMASTER (USERID, USERNAME, DESIGNATION) VALUES (106, 'Fiona Green', 'T')
INSERT INTO UMASTER (USERID, USERNAME, DESIGNATION) VALUES (107, 'George Hill', 'C')
INSERT INTO UMASTER (USERID, USERNAME, DESIGNATION) VALUES (108, 'Hannah Lee', 'O')
INSERT INTO UMASTER (USERID, USERNAME, DESIGNATION) VALUES (109, 'Ian Walker', 'M')
INSERT INTO UMASTER (USERID, USERNAME, DESIGNATION) VALUES (110, 'Julia Adams', 'T')
GO

/************************************************************************************************/
CREATE TABLE BMASTER
(
	BRID			CHAR(3)			Primary Key,
	BRANCHNAME		VARCHAR(30)		NOT NULL,
	BRANCHADDRESS	VARCHAR(50)		NOT NULL,
	RID				INT				NOT NULL Foreign Key references RMASTER(RID)
)
GO

INSERT INTO BMASTER (BRID, BRANCHNAME, BRANCHADDRESS, RID) VALUES ('B01', 'North Branch', '123 North Street, City A', 1)
INSERT INTO BMASTER (BRID, BRANCHNAME, BRANCHADDRESS, RID) VALUES ('B02', 'South Branch', '456 South Avenue, City B', 2)
INSERT INTO BMASTER (BRID, BRANCHNAME, BRANCHADDRESS, RID) VALUES ('B03', 'East Branch', '789 East Road, City C', 3)
INSERT INTO BMASTER (BRID, BRANCHNAME, BRANCHADDRESS, RID) VALUES ('B04', 'West Branch', '321 West Boulevard, City D', 4)
INSERT INTO BMASTER (BRID, BRANCHNAME, BRANCHADDRESS, RID) VALUES ('B05', 'Central Branch', '654 Central Lane, City E', 5)
INSERT INTO BMASTER (BRID, BRANCHNAME, BRANCHADDRESS, RID) VALUES ('B06', 'Uptown Branch', '111 Uptown Street, City A', 1)
INSERT INTO BMASTER (BRID, BRANCHNAME, BRANCHADDRESS, RID) VALUES ('B07', 'Downtown Branch', '222 Downtown Avenue, City B', 2)
INSERT INTO BMASTER (BRID, BRANCHNAME, BRANCHADDRESS, RID) VALUES ('B08', 'Lakeside Branch', '333 Lakeside Road, City C', 3)
INSERT INTO BMASTER (BRID, BRANCHNAME, BRANCHADDRESS, RID) VALUES ('B09', 'Hillside Branch', '444 Hillside Boulevard, City D', 4)
INSERT INTO BMASTER (BRID, BRANCHNAME, BRANCHADDRESS, RID) VALUES ('B10', 'Riverside Branch', '555 Riverside Lane, City E', 5)
GO

/************************************************************************************************/
CREATE TABLE TMASTER
(
	TNO			INTEGER			Primary Key,
	DOT			DATETIME		NOT NULL,
	ACID		INTEGER			NOT NULL Foreign Key REFERENCES AMASTER(ACID),
	BRID		CHAR(3)			NOT NULL Foreign Key REFERENCES BMASTER(BRID),
	TXN_TYPE	CHAR(3)			NOT NULL CHECK (TXN_TYPE IN ('CW','CD','CQD')),
	CHQ_NO		INTEGER			NULL,
	CHQ_DATE	SMALLDATETIME	NULL,
	TXN_AMOUNT	MONEY			NOT NULL,
	USERID		INTEGER			NOT NULL Foreign Key REFERENCES UMASTER(USERID)
)

INSERT INTO TMASTER (TNO, DOT, ACID, BRID, TXN_TYPE, CHQ_NO, CHQ_DATE, TXN_AMOUNT, USERID) VALUES
(101,'2024-04-18',1001,'B01','CD',NULL,NULL,5200.00,101),
(102,'2024-04-19',1002,'B02','CW',NULL,NULL,6100.00,102),
(103,'2024-04-20',1003,'B03','CQD',123461,'2024-04-25',6700.00,103),
(104,'2024-04-21',1004,'B04','CD',NULL,NULL,5800.00,104),
(105,'2024-04-22',1005,'B05','CW',NULL,NULL,6500.00,105),
(106,'2024-04-23',1006,'B01','CQD',234571,'2024-04-28',7100.00,106),
(107,'2024-04-24',1007,'B02','CD',NULL,NULL,5900.00,107),
(108,'2024-04-25',1008,'B03','CW',NULL,NULL,6600.00,108),
(109,'2024-04-26',1009,'B04','CQD',345682,'2024-05-01',7200.00,109),
(110,'2024-04-27',1010,'B05','CD',NULL,NULL,6000.00,110),
(111,'2024-04-28',1011,'B01','CW',NULL,NULL,6700.00,101),
(112,'2024-04-29',1012,'B02','CQD',456793,'2024-05-04',7300.00,102),
(113,'2024-04-30',1013,'B03','CD',NULL,NULL,6100.00,103),
(114,'2024-05-01',1014,'B04','CW',NULL,NULL,6800.00,104),
(115,'2024-05-02',1015,'B05','CQD',567904,'2024-05-07',7400.00,105),
(116,'2024-05-03',1016,'B01','CD',NULL,NULL,6200.00,106),
(117,'2024-05-04',1017,'B02','CW',NULL,NULL,6900.00,107),
(118,'2024-05-05',1018,'B03','CQD',678915,'2024-05-10',7500.00,108),
(119,'2024-05-06',1019,'B04','CD',NULL,NULL,6300.00,109),
(120,'2024-05-07',1020,'B05','CW',NULL,NULL,7000.00,110),
(121,'2024-05-08',1021,'B01','CQD',789026,'2024-05-13',7600.00,101),
(122,'2024-05-09',1022,'B02','CD',NULL,NULL,6400.00,102),
(123,'2024-05-10',1023,'B03','CW',NULL,NULL,7100.00,103),
(124,'2024-05-11',1024,'B04','CQD',890137,'2024-05-16',7700.00,104),
(125,'2024-05-12',1025,'B05','CD',NULL,NULL,6500.00,105),
(126,'2024-05-13',1026,'B01','CW',NULL,NULL,7200.00,106),
(127,'2024-05-14',1027,'B02','CQD',901248,'2024-05-19',7800.00,107),
(128,'2024-05-15',1028,'B03','CD',NULL,NULL,6600.00,108),
(129,'2024-05-16',1029,'B04','CW',NULL,NULL,7300.00,109),
(130,'2024-05-17',1030,'B05','CQD',123462,'2024-05-22',7900.00,110),
(131,'2024-05-18',1031,'B01','CD',NULL,NULL,6700.00,101),
(132,'2024-05-19',1032,'B02','CW',NULL,NULL,7400.00,102),
(133,'2024-05-20',1033,'B03','CQD',234572,'2024-05-25',8000.00,103),
(134,'2024-05-21',1034,'B04','CD',NULL,NULL,6800.00,104),
(135,'2024-05-22',1035,'B05','CW',NULL,NULL,7500.00,105),
(136,'2024-05-23',1036,'B01','CQD',345683,'2024-05-28',8100.00,106),
(137,'2024-05-24',1037,'B02','CD',NULL,NULL,6900.00,107),
(138,'2024-05-25',1038,'B03','CW',NULL,NULL,7600.00,108),
(139,'2024-05-26',1039,'B04','CQD',456794,'2024-05-31',8200.00,109),
(140,'2024-05-27',1040,'B05','CD',NULL,NULL,7000.00,110),
(141,'2024-05-28',1041,'B01','CW',NULL,NULL,7700.00,101),
(142,'2024-05-29',1042,'B02','CQD',567905,'2024-06-03',8300.00,102),
(143,'2024-05-30',1043,'B03','CD',NULL,NULL,7100.00,103),
(144,'2024-05-31',1044,'B04','CW',NULL,NULL,7800.00,104),
(145,'2024-06-01',1045,'B05','CQD',678916,'2024-06-06',8400.00,105),
(146,'2024-06-02',1046,'B01','CD',NULL,NULL,7200.00,106),
(147,'2024-06-03',1047,'B02','CW',NULL,NULL,7900.00,107),
(148,'2024-06-04',1048,'B03','CQD',789027,'2024-06-09',8500.00,108),
(149,'2024-06-05',1049,'B04','CD',NULL,NULL,7300.00,109),
(150,'2024-06-06',1050,'B05','CW',NULL,NULL,8000.00,110),
(901, '2023-10-01', 1001, 'B01', 'CD', NULL, NULL, 3200.00, 101),
(902, '2023-10-03', 1002, 'B02', 'CW', NULL, NULL, 4500.00, 102),
(903, '2023-10-05', 1003, 'B03', 'CQD', 567890, '2023-10-10', 5200.00, 103),
(904, '2023-10-07', 1004, 'B04', 'CD', NULL, NULL, 2800.00, 104),
(905, '2023-10-09', 1005, 'B05', 'CW', NULL, NULL, 3900.00, 105),
(906, '2023-10-11', 1006, 'B01', 'CQD', 678901, '2023-10-15', 6100.00, 106),
(907, '2023-10-13', 1007, 'B02', 'CD', NULL, NULL, 4700.00, 107),
(908, '2023-10-15', 1008, 'B03', 'CW', NULL, NULL, 5500.00, 108),
(909, '2023-10-17', 1009, 'B04', 'CQD', 789012, '2023-10-20', 6200.00, 109),
(910, '2023-10-19', 1010, 'B05', 'CD', NULL, NULL, 4100.00, 110),
(911, '2023-10-21', 1011, 'B01', 'CW', NULL, NULL, 4800.00, 101),
(912, '2023-10-23', 1012, 'B02', 'CQD', 890123, '2023-10-28', 5300.00, 102),
(913, '2023-10-25', 1013, 'B03', 'CD', NULL, NULL, 3700.00, 103),
(914, '2023-10-27', 1014, 'B04', 'CW', NULL, NULL, 4600.00, 104),
(915, '2023-10-29', 1015, 'B05', 'CQD', 901234, '2023-11-02', 5900.00, 105),
(916, '2023-10-31', 1016, 'B01', 'CD', NULL, NULL, 4200.00, 106),
(917, '2023-11-02', 1017, 'B02', 'CW', NULL, NULL, 5000.00, 107),
(918, '2023-11-04', 1018, 'B03', 'CQD', 123457, '2023-11-09', 6400.00, 108),
(919, '2023-11-06', 1019, 'B04', 'CD', NULL, NULL, 3900.00, 109),
(920, '2023-11-08', 1020, 'B05', 'CW', NULL, NULL, 4700.00, 110),
(921, '2023-11-10', 1021, 'B01', 'CQD', 234568, '2023-11-15', 5600.00, 101),
(922, '2023-11-12', 1022, 'B02', 'CD', NULL, NULL, 4300.00, 102),
(923, '2023-11-14', 1023, 'B03', 'CW', NULL, NULL, 5100.00, 103),
(924, '2023-11-16', 1024, 'B04', 'CQD', 345679, '2023-11-20', 5800.00, 104),
(925, '2023-11-18', 1025, 'B05', 'CD', NULL, NULL, 4400.00, 105),
(926, '2023-11-20', 1026, 'B01', 'CW', NULL, NULL, 5200.00, 106),
(927, '2023-11-22', 1027, 'B02', 'CQD', 456780, '2023-11-26', 6000.00, 107),
(928, '2023-11-24', 1028, 'B03', 'CD', NULL, NULL, 4700.00, 108),
(929, '2023-11-26', 1029, 'B04', 'CW', NULL, NULL, 5500.00, 109),
(930, '2023-11-28', 1030, 'B05', 'CQD', 567891, '2023-12-02', 6300.00, 110),
(931, '2023-11-30', 1031, 'B01', 'CD', NULL, NULL, 4800.00, 101),
(932, '2023-12-02', 1032, 'B02', 'CW', NULL, NULL, 5600.00, 102),
(933, '2023-12-04', 1033, 'B03', 'CQD', 678902, '2023-12-08', 6100.00, 103),
(934, '2023-12-06', 1034, 'B04', 'CD', NULL, NULL, 4900.00, 104),
(935, '2023-12-08', 1035, 'B05', 'CW', NULL, NULL, 5700.00, 105),
(936, '2023-12-10', 1036, 'B01', 'CQD', 789013, '2023-12-15', 6400.00, 106),
(937, '2023-12-12', 1037, 'B02', 'CD', NULL, NULL, 5000.00, 107),
(938, '2023-12-14', 1038, 'B03', 'CW', NULL, NULL, 5800.00, 108),
(939, '2023-12-16', 1039, 'B04', 'CQD', 890124, '2023-12-20', 6500.00, 109),
(940, '2023-12-18', 1040, 'B05', 'CD', NULL, NULL, 5100.00, 110),
(941, '2023-12-20', 1041, 'B01', 'CW', NULL, NULL, 5900.00, 101),
(942, '2023-12-22', 1042, 'B02', 'CQD', 901235, '2023-12-26', 6600.00, 102),
(943, '2023-12-24', 1043, 'B03', 'CD', NULL, NULL, 5200.00, 103),
(944, '2023-12-26', 1044, 'B04', 'CW', NULL, NULL, 6000.00, 104),
(945, '2023-12-28', 1045, 'B05', 'CQD', 123458, '2024-01-01', 6700.00, 105),
(946, '2023-12-30', 1046, 'B01', 'CD', NULL, NULL, 5300.00, 106),
(947, '2024-01-01', 1047, 'B02', 'CW', NULL, NULL, 6100.00, 107),
(948, '2024-01-03', 1048, 'B03', 'CQD', 234569, '2024-01-07', 6800.00, 108),
(949, '2024-01-05', 1049, 'B04', 'CD', NULL, NULL, 5400.00, 109),
(950, '2024-01-07', 1050, 'B05', 'CW', NULL, NULL, 6100.00, 110),
(951, '2024-01-09', 1051, 'B01', 'CQD', 345670, '2024-01-14', 6700.00, 101),
(952, '2024-01-11', 1052, 'B02', 'CD', NULL, NULL, 5600.00, 102),
(953, '2024-01-13', 1053, 'B03', 'CW', NULL, NULL, 6300.00, 103),
(954, '2024-01-15', 1054, 'B04', 'CQD', 456781, '2024-01-19', 6900.00, 104),
(955, '2024-01-17', 1055, 'B05', 'CD', NULL, NULL, 5800.00, 105),
(956, '2024-01-19', 1056, 'B01', 'CW', NULL, NULL, 6500.00, 106),
(957, '2024-01-21', 1057, 'B02', 'CQD', 567892, '2024-01-25', 7100.00, 107),
(958, '2024-01-23', 1058, 'B03', 'CD', NULL, NULL, 6000.00, 108),
(959, '2024-01-25', 1059, 'B04', 'CW', NULL, NULL, 6700.00, 109),
(960, '2024-01-27', 1060, 'B05', 'CQD', 678903, '2024-01-31', 7300.00, 110),
(961, '2024-01-29', 1061, 'B01', 'CD', NULL, NULL, 6100.00, 101),
(962, '2024-01-31', 1062, 'B02', 'CW', NULL, NULL, 6800.00, 102),
(963, '2024-02-02', 1063, 'B03', 'CQD', 789014, '2024-02-06', 7400.00, 103),
(964, '2024-02-04', 1064, 'B04', 'CD', NULL, NULL, 6200.00, 104),
(965, '2024-02-06', 1065, 'B05', 'CW', NULL, NULL, 6900.00, 105),
(966, '2024-02-08', 1066, 'B01', 'CQD', 890125, '2024-02-12', 7500.00, 106),
(967, '2024-02-10', 1067, 'B02', 'CD', NULL, NULL, 6300.00, 107),
(968, '2024-02-12', 1068, 'B03', 'CW', NULL, NULL, 7000.00, 108),
(969, '2024-02-14', 1069, 'B04', 'CQD', 901236, '2024-02-18', 7600.00, 109),
(970, '2024-02-16', 1070, 'B05', 'CD', NULL, NULL, 6400.00, 110),
(971, '2024-02-18', 1071, 'B01', 'CW', NULL, NULL, 7100.00, 101),
(972, '2024-02-20', 1072, 'B02', 'CQD', 123459, '2024-02-24', 7700.00, 102),
(973, '2024-02-22', 1073, 'B03', 'CD', NULL, NULL, 6600.00, 103),
(974, '2024-02-24', 1074, 'B04', 'CW', NULL, NULL, 7300.00, 104),
(975, '2024-02-26', 1075, 'B05', 'CQD', 234570, '2024-03-01', 7800.00, 105),
(976, '2024-02-28', 1076, 'B01', 'CD', NULL, NULL, 6700.00, 106),
(977, '2024-03-01', 1077, 'B02', 'CW', NULL, NULL, 7400.00, 107),
(978, '2024-03-03', 1078, 'B03', 'CQD', 345681, '2024-03-07', 7900.00, 108),
(979, '2024-03-05', 1079, 'B04', 'CD', NULL, NULL, 6800.00, 109),
(980, '2024-03-07', 1080, 'B05', 'CW', NULL, NULL, 7500.00, 110),
(981, '2024-03-09', 1081, 'B01', 'CQD', 456792, '2024-03-13', 8000.00, 101),
(982, '2024-03-11', 1082, 'B02', 'CD', NULL, NULL, 6900.00, 102),
(983, '2024-03-13', 1083, 'B03', 'CW', NULL, NULL, 7600.00, 103),
(984, '2024-03-15', 1084, 'B04', 'CQD', 567803, '2024-03-19', 8100.00, 104),
(985, '2024-03-17', 1085, 'B05', 'CD', NULL, NULL, 7000.00, 105),
(986, '2024-03-19', 1086, 'B01', 'CW', NULL, NULL, 7700.00, 106),
(987, '2024-03-21', 1087, 'B02', 'CQD', 678914, '2024-03-25', 8200.00, 107),
(988, '2024-03-23', 1088, 'B03', 'CD', NULL, NULL, 7100.00, 108),
(989, '2024-03-25', 1089, 'B04', 'CW', NULL, NULL, 7800.00, 109),
(990, '2024-03-27', 1090, 'B05', 'CQD', 789025, '2024-03-31', 8300.00, 110),
(991, '2024-03-29', 1091, 'B01', 'CD', NULL, NULL, 7200.00, 101),
(992, '2024-03-31', 1092, 'B02', 'CW', NULL, NULL, 7900.00, 102),
(993, '2024-04-02', 1093, 'B03', 'CQD', 890136, '2024-04-06', 8400.00, 103),
(994, '2024-04-04', 1094, 'B04', 'CD', NULL, NULL, 7300.00, 104),
(995, '2024-04-06', 1095, 'B05', 'CW', NULL, NULL, 8000.00, 105),
(996, '2024-04-08', 1096, 'B01', 'CQD', 901247, '2024-04-12', 8500.00, 106),
(997, '2024-04-10', 1097, 'B02', 'CD', NULL, NULL, 7400.00, 107),
(998, '2024-04-12', 1098, 'B03', 'CW', NULL, NULL, 8100.00, 108),
(999, '2024-04-14', 1099, 'B04', 'CQD', 123460, '2024-04-18', 8600.00, 109),
(1000, '2024-04-16', 1100, 'B05', 'CD', NULL, NULL, 7500.00, 110)
GO

INSERT INTO TMASTER (TNO, DOT, ACID, BRID, TXN_TYPE, CHQ_NO, CHQ_DATE, TXN_AMOUNT, USERID) VALUES
(301,'2024-04-18',1001,'B01','CD',NULL,NULL,5200.00,101),
(302,'2024-04-19',1002,'B02','CW',NULL,NULL,6100.00,102),
(303,'2024-04-20',1003,'B03','CQD',123461,'2024-04-25',6700.00,103),
(304,'2024-04-21',1004,'B04','CD',NULL,NULL,5800.00,104),
(305,'2024-04-22',1005,'B05','CW',NULL,NULL,6500.00,105),
(306,'2024-04-23',1006,'B01','CQD',234571,'2024-04-28',7100.00,106),
(307,'2024-04-24',1007,'B02','CD',NULL,NULL,5900.00,107),
(308,'2024-04-25',1008,'B03','CW',NULL,NULL,6600.00,108),
(309,'2024-04-26',1009,'B04','CQD',345682,'2024-05-01',7200.00,109),
(310,'2024-04-27',1010,'B05','CD',NULL,NULL,6000.00,110),
(311,'2024-04-28',1011,'B01','CW',NULL,NULL,6700.00,101),
(312,'2024-04-29',1012,'B02','CQD',456793,'2024-05-04',7300.00,102),
(313,'2024-04-30',1013,'B03','CD',NULL,NULL,6100.00,103),
(314,'2024-05-01',1014,'B04','CW',NULL,NULL,6800.00,104),
(315,'2024-05-02',1015,'B05','CQD',567904,'2024-05-07',7400.00,105),
(316,'2024-05-03',1016,'B01','CD',NULL,NULL,6200.00,106),
(317,'2024-05-04',1017,'B02','CW',NULL,NULL,6900.00,107),
(318,'2024-05-05',1018,'B03','CQD',678915,'2024-05-10',7500.00,108),
(319,'2024-05-06',1019,'B04','CD',NULL,NULL,6300.00,109),
(320,'2024-05-07',1020,'B05','CW',NULL,NULL,7000.00,110),
(321,'2024-05-08',1021,'B01','CQD',789026,'2024-05-13',7600.00,101),
(322,'2024-05-09',1022,'B02','CD',NULL,NULL,6400.00,102),
(323,'2024-05-10',1023,'B03','CW',NULL,NULL,7100.00,103),
(324,'2024-05-11',1024,'B04','CQD',890137,'2024-05-16',7700.00,104),
(325,'2024-05-12',1025,'B05','CD',NULL,NULL,6500.00,105),
(326,'2024-05-13',1026,'B01','CW',NULL,NULL,7200.00,106),
(327,'2024-05-14',1027,'B02','CQD',901248,'2024-05-19',7800.00,107),
(328,'2024-05-15',1028,'B03','CD',NULL,NULL,6600.00,108),
(329,'2024-05-16',1029,'B04','CW',NULL,NULL,7300.00,109),
(330,'2024-05-17',1030,'B05','CQD',123462,'2024-05-22',7900.00,110),
(331,'2024-05-18',1031,'B01','CD',NULL,NULL,6700.00,101),
(332,'2024-05-19',1032,'B02','CW',NULL,NULL,7400.00,102),
(333,'2024-05-20',1033,'B03','CQD',234572,'2024-05-25',8000.00,103),
(334,'2024-05-21',1034,'B04','CD',NULL,NULL,6800.00,104),
(335,'2024-05-22',1035,'B05','CW',NULL,NULL,7500.00,105),
(336,'2024-05-23',1036,'B01','CQD',345683,'2024-05-28',8100.00,106),
(337,'2024-05-24',1037,'B02','CD',NULL,NULL,6900.00,107),
(338,'2024-05-25',1038,'B03','CW',NULL,NULL,7600.00,108),
(339,'2024-05-26',1039,'B04','CQD',456794,'2024-05-31',8200.00,109),
(340,'2024-05-27',1040,'B05','CD',NULL,NULL,7000.00,110),
(341,'2024-05-28',1041,'B01','CW',NULL,NULL,7700.00,101),
(342,'2024-05-29',1042,'B02','CQD',567905,'2024-06-03',8300.00,102),
(343,'2024-05-30',1043,'B03','CD',NULL,NULL,7100.00,103),
(344,'2024-05-31',1044,'B04','CW',NULL,NULL,7800.00,104),
(345,'2024-06-01',1045,'B05','CQD',678916,'2024-06-06',8400.00,105),
(346,'2024-06-02',1046,'B01','CD',NULL,NULL,7200.00,106),
(347,'2024-06-03',1047,'B02','CW',NULL,NULL,7900.00,107),
(348,'2024-06-04',1048,'B03','CQD',789027,'2024-06-09',8500.00,108),
(349,'2024-06-05',1049,'B04','CD',NULL,NULL,7300.00,109),
(350,'2024-06-06',1050,'B05','CW',NULL,NULL,8000.00,110),
(351, '2023-10-01', 1001, 'B01', 'CD', NULL, NULL, 3200.00, 101),
(352, '2023-10-03', 1002, 'B02', 'CW', NULL, NULL, 4500.00, 102),
(353, '2023-10-05', 1003, 'B03', 'CQD', 567890, '2023-10-10', 5200.00, 103),
(354, '2023-10-07', 1004, 'B04', 'CD', NULL, NULL, 2800.00, 104),
(355, '2023-10-09', 1005, 'B05', 'CW', NULL, NULL, 3900.00, 105),
(356, '2023-10-11', 1006, 'B01', 'CQD', 678901, '2023-10-15', 6100.00, 106),
(357, '2023-10-13', 1007, 'B02', 'CD', NULL, NULL, 4700.00, 107),
(358, '2023-10-15', 1008, 'B03', 'CW', NULL, NULL, 5500.00, 108),
(359, '2023-10-17', 1009, 'B04', 'CQD', 789012, '2023-10-20', 6200.00, 109),
(360, '2023-10-19', 1010, 'B05', 'CD', NULL, NULL, 4100.00, 110),
(361, '2023-10-21', 1011, 'B01', 'CW', NULL, NULL, 4800.00, 101),
(362, '2023-10-23', 1012, 'B02', 'CQD', 890123, '2023-10-28', 5300.00, 102),
(363, '2023-10-25', 1013, 'B03', 'CD', NULL, NULL, 3700.00, 103),
(364, '2023-10-27', 1014, 'B04', 'CW', NULL, NULL, 4600.00, 104),
(365, '2023-10-29', 1015, 'B05', 'CQD', 901234, '2023-11-02', 5900.00, 105),
(366, '2023-10-31', 1016, 'B01', 'CD', NULL, NULL, 4200.00, 106),
(367, '2023-11-02', 1017, 'B02', 'CW', NULL, NULL, 5000.00, 107),
(368, '2023-11-04', 1018, 'B03', 'CQD', 123457, '2023-11-09', 6400.00, 108),
(369, '2023-11-06', 1019, 'B04', 'CD', NULL, NULL, 3900.00, 109),
(370, '2023-11-08', 1020, 'B05', 'CW', NULL, NULL, 4700.00, 110),
(371, '2023-11-10', 1021, 'B01', 'CQD', 234568, '2023-11-15', 5600.00, 101),
(372, '2023-11-12', 1022, 'B02', 'CD', NULL, NULL, 4300.00, 102),
(373, '2023-11-14', 1023, 'B03', 'CW', NULL, NULL, 5100.00, 103),
(374, '2023-11-16', 1024, 'B04', 'CQD', 345679, '2023-11-20', 5800.00, 104),
(375, '2023-11-18', 1025, 'B05', 'CD', NULL, NULL, 4400.00, 105),
(376, '2023-11-20', 1026, 'B01', 'CW', NULL, NULL, 5200.00, 106),
(377, '2023-11-22', 1027, 'B02', 'CQD', 456780, '2023-11-26', 6000.00, 107),
(378, '2023-11-24', 1028, 'B03', 'CD', NULL, NULL, 4700.00, 108),
(379, '2023-11-26', 1029, 'B04', 'CW', NULL, NULL, 5500.00, 109),
(380, '2023-11-28', 1030, 'B05', 'CQD', 567891, '2023-12-02', 6300.00, 110),
(381, '2023-11-30', 1031, 'B01', 'CD', NULL, NULL, 4800.00, 101),
(382, '2023-12-02', 1032, 'B02', 'CW', NULL, NULL, 5600.00, 102),
(383, '2023-12-04', 1033, 'B03', 'CQD', 678902, '2023-12-08', 6100.00, 103),
(384, '2023-12-06', 1034, 'B04', 'CD', NULL, NULL, 4900.00, 104),
(385, '2023-12-08', 1035, 'B05', 'CW', NULL, NULL, 5700.00, 105),
(386, '2023-12-10', 1036, 'B01', 'CQD', 789013, '2023-12-15', 6400.00, 106),
(387, '2023-12-12', 1037, 'B02', 'CD', NULL, NULL, 5000.00, 107),
(388, '2023-12-14', 1038, 'B03', 'CW', NULL, NULL, 5800.00, 108),
(389, '2023-12-16', 1039, 'B04', 'CQD', 890124, '2023-12-20', 6500.00, 109),
(390, '2023-12-18', 1040, 'B05', 'CD', NULL, NULL, 5100.00, 110),
(391, '2023-12-20', 1041, 'B01', 'CW', NULL, NULL, 5900.00, 101),
(392, '2023-12-22', 1042, 'B02', 'CQD', 901235, '2023-12-26', 6600.00, 102),
(393, '2023-12-24', 1043, 'B03', 'CD', NULL, NULL, 5200.00, 103),
(394, '2023-12-26', 1044, 'B04', 'CW', NULL, NULL, 6000.00, 104),
(395, '2023-12-28', 1045, 'B05', 'CQD', 123458, '2024-01-01', 6700.00, 105),
(396, '2023-12-30', 1046, 'B01', 'CD', NULL, NULL, 5300.00, 106),
(397, '2024-01-01', 1047, 'B02', 'CW', NULL, NULL, 6100.00, 107),
(398, '2024-01-03', 1048, 'B03', 'CQD', 234569, '2024-01-07', 6800.00, 108),
(399, '2024-01-05', 1049, 'B04', 'CD', NULL, NULL, 5400.00, 109),
(400, '2024-01-07', 1050, 'B05', 'CW', NULL, NULL, 6100.00, 110),
(401, '2024-01-09', 1051, 'B01', 'CQD', 345670, '2024-01-14', 6700.00, 101),
(402, '2024-01-11', 1052, 'B02', 'CD', NULL, NULL, 5600.00, 102),
(403, '2024-01-13', 1053, 'B03', 'CW', NULL, NULL, 6300.00, 103),
(404, '2024-01-15', 1054, 'B04', 'CQD', 456781, '2024-01-19', 6900.00, 104),
(405, '2024-01-17', 1055, 'B05', 'CD', NULL, NULL, 5800.00, 105),
(406, '2024-01-19', 1056, 'B01', 'CW', NULL, NULL, 6500.00, 106),
(407, '2024-01-21', 1057, 'B02', 'CQD', 567892, '2024-01-25', 7100.00, 107),
(408, '2024-01-23', 1058, 'B03', 'CD', NULL, NULL, 6000.00, 108),
(409, '2024-01-25', 1059, 'B04', 'CW', NULL, NULL, 6700.00, 109),
(410, '2024-01-27', 1060, 'B05', 'CQD', 678903, '2024-01-31', 7300.00, 110),
(411, '2024-01-29', 1061, 'B01', 'CD', NULL, NULL, 6100.00, 101),
(412, '2024-01-31', 1062, 'B02', 'CW', NULL, NULL, 6800.00, 102),
(413, '2024-02-02', 1063, 'B03', 'CQD', 789014, '2024-02-06', 7400.00, 103),
(414, '2024-02-04', 1064, 'B04', 'CD', NULL, NULL, 6200.00, 104),
(415, '2024-02-06', 1065, 'B05', 'CW', NULL, NULL, 6900.00, 105),
(416, '2024-02-08', 1066, 'B01', 'CQD', 890125, '2024-02-12', 7500.00, 106),
(417, '2024-02-10', 1067, 'B02', 'CD', NULL, NULL, 6300.00, 107),
(418, '2024-02-12', 1068, 'B03', 'CW', NULL, NULL, 7000.00, 108),
(419, '2024-02-14', 1069, 'B04', 'CQD', 901236, '2024-02-18', 7600.00, 109),
(420, '2024-02-16', 1070, 'B05', 'CD', NULL, NULL, 6400.00, 110),
(421, '2024-02-18', 1071, 'B01', 'CW', NULL, NULL, 7100.00, 101),
(422, '2024-02-20', 1072, 'B02', 'CQD', 123459, '2024-02-24', 7700.00, 102),
(423, '2024-02-22', 1073, 'B03', 'CD', NULL, NULL, 6600.00, 103),
(424, '2024-02-24', 1074, 'B04', 'CW', NULL, NULL, 7300.00, 104),
(425, '2024-02-26', 1075, 'B05', 'CQD', 234570, '2024-03-01', 7800.00, 105),
(426, '2024-02-28', 1076, 'B01', 'CD', NULL, NULL, 6700.00, 106),
(427, '2024-03-01', 1077, 'B02', 'CW', NULL, NULL, 7400.00, 107),
(428, '2024-03-03', 1078, 'B03', 'CQD', 345681, '2024-03-07', 7900.00, 108),
(429, '2024-03-05', 1079, 'B04', 'CD', NULL, NULL, 6800.00, 109),
(430, '2024-03-07', 1080, 'B05', 'CW', NULL, NULL, 7500.00, 110),
(431, '2024-03-09', 1081, 'B01', 'CQD', 456792, '2024-03-13', 8000.00, 101),
(432, '2024-03-11', 1082, 'B02', 'CD', NULL, NULL, 6900.00, 102),
(433, '2024-03-13', 1083, 'B03', 'CW', NULL, NULL, 7600.00, 103),
(434, '2024-03-15', 1084, 'B04', 'CQD', 567803, '2024-03-19', 8100.00, 104),
(435, '2024-03-17', 1085, 'B05', 'CD', NULL, NULL, 7000.00, 105),
(436, '2024-03-19', 1086, 'B01', 'CW', NULL, NULL, 7700.00, 106),
(437, '2024-03-21', 1087, 'B02', 'CQD', 678914, '2024-03-25', 8200.00, 107),
(438, '2024-03-23', 1088, 'B03', 'CD', NULL, NULL, 7100.00, 108),
(439, '2024-03-25', 1089, 'B04', 'CW', NULL, NULL, 7800.00, 109),
(440, '2024-03-27', 1090, 'B05', 'CQD', 789025, '2024-03-31', 8300.00, 110),
(441, '2024-03-29', 1091, 'B01', 'CD', NULL, NULL, 7200.00, 101),
(442, '2024-03-31', 1092, 'B02', 'CW', NULL, NULL, 7900.00, 102),
(443, '2024-04-02', 1093, 'B03', 'CQD', 890136, '2024-04-06', 8400.00, 103),
(444, '2024-04-04', 1094, 'B04', 'CD', NULL, NULL, 7300.00, 104),
(445, '2024-04-06', 1095, 'B05', 'CW', NULL, NULL, 8000.00, 105),
(446, '2024-04-08', 1096, 'B01', 'CQD', 901247, '2024-04-12', 8500.00, 106),
(447, '2024-04-10', 1097, 'B02', 'CD', NULL, NULL, 7400.00, 107),
(448, '2024-04-12', 1098, 'B03', 'CW', NULL, NULL, 8100.00, 108),
(449, '2024-04-14', 1099, 'B04', 'CQD', 123460, '2024-04-18', 8600.00, 109)
GO

INSERT INTO TMASTER (TNO, DOT, ACID, BRID, TXN_TYPE, CHQ_NO, CHQ_DATE, TXN_AMOUNT, USERID) VALUES
(501,'2024-04-18',1001,'B01','CD',NULL,NULL,5200.00,101),
(502,'2024-04-19',1002,'B02','CW',NULL,NULL,6100.00,102),
(503,'2024-04-20',1003,'B03','CQD',123461,'2024-04-25',6700.00,103),
(504,'2024-04-21',1004,'B04','CD',NULL,NULL,5800.00,104),
(505,'2024-04-22',1005,'B05','CW',NULL,NULL,6500.00,105),
(506,'2024-04-23',1006,'B01','CQD',234571,'2024-04-28',7100.00,106),
(507,'2024-04-24',1007,'B02','CD',NULL,NULL,5900.00,107),
(508,'2024-04-25',1008,'B03','CW',NULL,NULL,6600.00,108),
(509,'2024-04-26',1009,'B04','CQD',345682,'2024-05-01',7200.00,109),
(510,'2024-04-27',1010,'B05','CD',NULL,NULL,6000.00,110),
(511,'2024-04-28',1011,'B01','CW',NULL,NULL,6700.00,101),
(512,'2024-04-29',1012,'B02','CQD',456793,'2024-05-04',7300.00,102),
(513,'2024-04-30',1013,'B03','CD',NULL,NULL,6100.00,103),
(514,'2024-05-01',1014,'B04','CW',NULL,NULL,6800.00,104),
(515,'2024-05-02',1015,'B05','CQD',567904,'2024-05-07',7400.00,105),
(516,'2024-05-03',1016,'B01','CD',NULL,NULL,6200.00,106),
(517,'2024-05-04',1017,'B02','CW',NULL,NULL,6900.00,107),
(518,'2024-05-05',1018,'B03','CQD',678915,'2024-05-10',7500.00,108),
(519,'2024-05-06',1019,'B04','CD',NULL,NULL,6300.00,109),
(520,'2024-05-07',1020,'B05','CW',NULL,NULL,7000.00,110),
(521,'2024-05-08',1021,'B01','CQD',789026,'2024-05-13',7600.00,101),
(522,'2024-05-09',1022,'B02','CD',NULL,NULL,6400.00,102),
(523,'2024-05-10',1023,'B03','CW',NULL,NULL,7100.00,103),
(524,'2024-05-11',1024,'B04','CQD',890137,'2024-05-16',7700.00,104),
(525,'2024-05-12',1025,'B05','CD',NULL,NULL,6500.00,105),
(526,'2024-05-13',1026,'B01','CW',NULL,NULL,7200.00,106),
(527,'2024-05-14',1027,'B02','CQD',901248,'2024-05-19',7800.00,107),
(528,'2024-05-15',1028,'B03','CD',NULL,NULL,6600.00,108),
(529,'2024-05-16',1029,'B04','CW',NULL,NULL,7300.00,109),
(530,'2024-05-17',1030,'B05','CQD',123462,'2024-05-22',7900.00,110),
(531,'2024-05-18',1031,'B01','CD',NULL,NULL,6700.00,101),
(532,'2024-05-19',1032,'B02','CW',NULL,NULL,7400.00,102),
(533,'2024-05-20',1033,'B03','CQD',234572,'2024-05-25',8000.00,103),
(534,'2024-05-21',1034,'B04','CD',NULL,NULL,6800.00,104),
(535,'2024-05-22',1035,'B05','CW',NULL,NULL,7500.00,105),
(536,'2024-05-23',1036,'B01','CQD',345683,'2024-05-28',8100.00,106),
(537,'2024-05-24',1037,'B02','CD',NULL,NULL,6900.00,107),
(538,'2024-05-25',1038,'B03','CW',NULL,NULL,7600.00,108),
(539,'2024-05-26',1039,'B04','CQD',456794,'2024-05-31',8200.00,109),
(540,'2024-05-27',1040,'B05','CD',NULL,NULL,7000.00,110),
(541,'2024-05-28',1041,'B01','CW',NULL,NULL,7700.00,101),
(542,'2024-05-29',1042,'B02','CQD',567905,'2024-06-03',8300.00,102),
(543,'2024-05-30',1043,'B03','CD',NULL,NULL,7100.00,103),
(544,'2024-05-31',1044,'B04','CW',NULL,NULL,7800.00,104),
(545,'2024-06-01',1045,'B05','CQD',678916,'2024-06-06',8400.00,105),
(546,'2024-06-02',1046,'B01','CD',NULL,NULL,7200.00,106),
(547,'2024-06-03',1047,'B02','CW',NULL,NULL,7900.00,107),
(548,'2024-06-04',1048,'B03','CQD',789027,'2024-06-09',8500.00,108),
(549,'2024-06-05',1049,'B04','CD',NULL,NULL,7300.00,109),
(550,'2024-06-06',1050,'B05','CW',NULL,NULL,8000.00,110),
(551, '2023-10-01', 1001, 'B01', 'CD', NULL, NULL, 3200.00, 101),
(552, '2023-10-03', 1002, 'B02', 'CW', NULL, NULL, 4500.00, 102),
(553, '2023-10-05', 1003, 'B03', 'CQD', 567890, '2023-10-10', 5200.00, 103),
(554, '2023-10-07', 1004, 'B04', 'CD', NULL, NULL, 2800.00, 104),
(555, '2023-10-09', 1005, 'B05', 'CW', NULL, NULL, 3900.00, 105),
(556, '2023-10-11', 1006, 'B01', 'CQD', 678901, '2023-10-15', 6100.00, 106),
(557, '2023-10-13', 1007, 'B02', 'CD', NULL, NULL, 4700.00, 107),
(558, '2023-10-15', 1008, 'B03', 'CW', NULL, NULL, 5500.00, 108),
(559, '2023-10-17', 1009, 'B04', 'CQD', 789012, '2023-10-20', 6200.00, 109),
(560, '2023-10-19', 1010, 'B05', 'CD', NULL, NULL, 4100.00, 110),
(561, '2023-10-21', 1011, 'B01', 'CW', NULL, NULL, 4800.00, 101),
(562, '2023-10-23', 1012, 'B02', 'CQD', 890123, '2023-10-28', 5300.00, 102),
(563, '2023-10-25', 1013, 'B03', 'CD', NULL, NULL, 3700.00, 103),
(564, '2023-10-27', 1014, 'B04', 'CW', NULL, NULL, 4600.00, 104),
(565, '2023-10-29', 1015, 'B05', 'CQD', 901234, '2023-11-02', 5900.00, 105),
(566, '2023-10-31', 1016, 'B01', 'CD', NULL, NULL, 4200.00, 106),
(567, '2023-11-02', 1017, 'B02', 'CW', NULL, NULL, 5000.00, 107),
(568, '2023-11-04', 1018, 'B03', 'CQD', 123457, '2023-11-09', 6400.00, 108),
(569, '2023-11-06', 1019, 'B04', 'CD', NULL, NULL, 3900.00, 109),
(570, '2023-11-08', 1020, 'B05', 'CW', NULL, NULL, 4700.00, 110),
(571, '2023-11-10', 1021, 'B01', 'CQD', 234568, '2023-11-15', 5600.00, 101),
(572, '2023-11-12', 1022, 'B02', 'CD', NULL, NULL, 4300.00, 102),
(573, '2023-11-14', 1023, 'B03', 'CW', NULL, NULL, 5100.00, 103),
(574, '2023-11-16', 1024, 'B04', 'CQD', 345679, '2023-11-20', 5800.00, 104),
(575, '2023-11-18', 1025, 'B05', 'CD', NULL, NULL, 4400.00, 105),
(576, '2023-11-20', 1026, 'B01', 'CW', NULL, NULL, 5200.00, 106),
(577, '2023-11-22', 1027, 'B02', 'CQD', 456780, '2023-11-26', 6000.00, 107),
(578, '2023-11-24', 1028, 'B03', 'CD', NULL, NULL, 4700.00, 108),
(579, '2023-11-26', 1029, 'B04', 'CW', NULL, NULL, 5500.00, 109),
(580, '2023-11-28', 1030, 'B05', 'CQD', 567891, '2023-12-02', 6300.00, 110),
(581, '2023-11-30', 1031, 'B01', 'CD', NULL, NULL, 4800.00, 101),
(582, '2023-12-02', 1032, 'B02', 'CW', NULL, NULL, 5600.00, 102),
(583, '2023-12-04', 1033, 'B03', 'CQD', 678902, '2023-12-08', 6100.00, 103),
(584, '2023-12-06', 1034, 'B04', 'CD', NULL, NULL, 4900.00, 104),
(585, '2023-12-08', 1035, 'B05', 'CW', NULL, NULL, 5700.00, 105),
(586, '2023-12-10', 1036, 'B01', 'CQD', 789013, '2023-12-15', 6400.00, 106),
(587, '2023-12-12', 1037, 'B02', 'CD', NULL, NULL, 5000.00, 107),
(588, '2023-12-14', 1038, 'B03', 'CW', NULL, NULL, 5800.00, 108),
(589, '2023-12-16', 1039, 'B04', 'CQD', 890124, '2023-12-20', 6500.00, 109),
(590, '2023-12-18', 1040, 'B05', 'CD', NULL, NULL, 5100.00, 110),
(591, '2023-12-20', 1041, 'B01', 'CW', NULL, NULL, 5900.00, 101),
(592, '2023-12-22', 1042, 'B02', 'CQD', 901235, '2023-12-26', 6600.00, 102),
(593, '2023-12-24', 1043, 'B03', 'CD', NULL, NULL, 5200.00, 103),
(594, '2023-12-26', 1044, 'B04', 'CW', NULL, NULL, 6000.00, 104),
(595, '2023-12-28', 1045, 'B05', 'CQD', 123458, '2024-01-01', 6700.00, 105),
(596, '2023-12-30', 1046, 'B01', 'CD', NULL, NULL, 5300.00, 106),
(597, '2024-01-01', 1047, 'B02', 'CW', NULL, NULL, 6100.00, 107),
(598, '2024-01-03', 1048, 'B03', 'CQD', 234569, '2024-01-07', 6800.00, 108),
(599, '2024-01-05', 1049, 'B04', 'CD', NULL, NULL, 5400.00, 109),
(600, '2024-01-07', 1050, 'B05', 'CW', NULL, NULL, 6100.00, 110),
(601, '2024-01-09', 1051, 'B01', 'CQD', 345670, '2024-01-14', 6700.00, 101),
(602, '2024-01-11', 1052, 'B02', 'CD', NULL, NULL, 5600.00, 102),
(603, '2024-01-13', 1053, 'B03', 'CW', NULL, NULL, 6300.00, 103),
(604, '2024-01-15', 1054, 'B04', 'CQD', 456781, '2024-01-19', 6900.00, 104),
(605, '2024-01-17', 1055, 'B05', 'CD', NULL, NULL, 5800.00, 105),
(606, '2024-01-19', 1056, 'B01', 'CW', NULL, NULL, 6500.00, 106),
(607, '2024-01-21', 1057, 'B02', 'CQD', 567892, '2024-01-25', 7100.00, 107),
(608, '2024-01-23', 1058, 'B03', 'CD', NULL, NULL, 6000.00, 108),
(609, '2024-01-25', 1059, 'B04', 'CW', NULL, NULL, 6700.00, 109),
(610, '2024-01-27', 1060, 'B05', 'CQD', 678903, '2024-01-31', 7300.00, 110),
(611, '2024-01-29', 1061, 'B01', 'CD', NULL, NULL, 6100.00, 101),
(612, '2024-01-31', 1062, 'B02', 'CW', NULL, NULL, 6800.00, 102),
(613, '2024-02-02', 1063, 'B03', 'CQD', 789014, '2024-02-06', 7400.00, 103),
(614, '2024-02-04', 1064, 'B04', 'CD', NULL, NULL, 6200.00, 104),
(615, '2024-02-06', 1065, 'B05', 'CW', NULL, NULL, 6900.00, 105),
(616, '2024-02-08', 1066, 'B01', 'CQD', 890125, '2024-02-12', 7500.00, 106),
(617, '2024-02-10', 1067, 'B02', 'CD', NULL, NULL, 6300.00, 107),
(618, '2024-02-12', 1068, 'B03', 'CW', NULL, NULL, 7000.00, 108),
(619, '2024-02-14', 1069, 'B04', 'CQD', 901236, '2024-02-18', 7600.00, 109),
(620, '2024-02-16', 1070, 'B05', 'CD', NULL, NULL, 6400.00, 110),
(621, '2024-02-18', 1071, 'B01', 'CW', NULL, NULL, 7100.00, 101),
(622, '2024-02-20', 1072, 'B02', 'CQD', 123459, '2024-02-24', 7700.00, 102),
(623, '2024-02-22', 1073, 'B03', 'CD', NULL, NULL, 6600.00, 103),
(624, '2024-02-24', 1074, 'B04', 'CW', NULL, NULL, 7300.00, 104),
(625, '2024-02-26', 1075, 'B05', 'CQD', 234570, '2024-03-01', 7800.00, 105),
(626, '2024-02-28', 1076, 'B01', 'CD', NULL, NULL, 6700.00, 106),
(627, '2024-03-01', 1077, 'B02', 'CW', NULL, NULL, 7400.00, 107),
(628, '2024-03-03', 1078, 'B03', 'CQD', 345681, '2024-03-07', 7900.00, 108),
(629, '2024-03-05', 1079, 'B04', 'CD', NULL, NULL, 6800.00, 109),
(630, '2024-03-07', 1080, 'B05', 'CW', NULL, NULL, 7500.00, 110),
(631, '2024-03-09', 1081, 'B01', 'CQD', 456792, '2024-03-13', 8000.00, 101),
(632, '2024-03-11', 1082, 'B02', 'CD', NULL, NULL, 6900.00, 102),
(633, '2024-03-13', 1083, 'B03', 'CW', NULL, NULL, 7600.00, 103),
(634, '2024-03-15', 1084, 'B04', 'CQD', 567803, '2024-03-19', 8100.00, 104),
(635, '2024-03-17', 1085, 'B05', 'CD', NULL, NULL, 7000.00, 105),
(636, '2024-03-19', 1086, 'B01', 'CW', NULL, NULL, 7700.00, 106),
(637, '2024-03-21', 1087, 'B02', 'CQD', 678914, '2024-03-25', 8200.00, 107),
(638, '2024-03-23', 1088, 'B03', 'CD', NULL, NULL, 7100.00, 108),
(639, '2024-03-25', 1089, 'B04', 'CW', NULL, NULL, 7800.00, 109),
(640, '2024-03-27', 1090, 'B05', 'CQD', 789025, '2024-03-31', 8300.00, 110),
(641, '2024-03-29', 1091, 'B01', 'CD', NULL, NULL, 7200.00, 101),
(642, '2024-03-31', 1092, 'B02', 'CW', NULL, NULL, 7900.00, 102),
(643, '2024-04-02', 1093, 'B03', 'CQD', 890136, '2024-04-06', 8400.00, 103),
(644, '2024-04-04', 1094, 'B04', 'CD', NULL, NULL, 7300.00, 104),
(645, '2024-04-06', 1095, 'B05', 'CW', NULL, NULL, 8000.00, 105),
(646, '2024-04-08', 1096, 'B01', 'CQD', 901247, '2024-04-12', 8500.00, 106),
(647, '2024-04-10', 1097, 'B02', 'CD', NULL, NULL, 7400.00, 107),
(648, '2024-04-12', 1098, 'B03', 'CW', NULL, NULL, 8100.00, 108),
(649, '2024-04-14', 1099, 'B04', 'CQD', 123460, '2024-04-18', 8600.00, 109),
(650, '2024-04-14', 1099, 'B04', 'CQD', 123460, '2024-04-18', 8600.00, 109),
(651, '2024-04-14', 1099, 'B04', 'CQD', 123460, '2024-04-18', 8600.00, 109)
GO

-- 100 INSERT statements for TMASTER (TNO 201-300)
-- DOT random but evenly distributed between 2025-01-01 and 2025-10-07
INSERT INTO TMASTER (TNO, DOT, ACID, BRID, TXN_TYPE, CHQ_NO, CHQ_DATE, TXN_AMOUNT, USERID) VALUES
(201, '2025-01-02', 1083, 'B05', 'CW', NULL, NULL, 2069.49, 105),
(202, '2025-01-05', 1090, 'B01', 'CQD', 556034, '2025-01-11', 3656.74, 103),
(203, '2025-01-07', 1053, 'B05', 'CQD', 121338, '2025-01-11', 3319.28, 109),
(204, '2025-01-10', 1083, 'B02', 'CW', NULL, NULL, 2222.65, 101),
(205, '2025-01-12', 1059, 'B05', 'CW', NULL, NULL, 1014.97, 106),
(206, '2025-01-16', 1011, 'B01', 'CW', NULL, NULL, 2501.64, 110),
(207, '2025-01-19', 1046, 'B04', 'CW', NULL, NULL, 4181.36, 104),
(208, '2025-01-21', 1035, 'B03', 'CQD', 263294, '2025-01-28', 2028.09, 104),
(209, '2025-01-24', 1093, 'B03', 'CW', NULL, NULL, 1917.99, 101),
(210, '2025-01-27', 1086, 'B01', 'CQD', 303895, '2025-02-02', 2429.97, 110),
(211, '2025-01-30', 1008, 'B02', 'CD', NULL, NULL, 2179.72, 110),
(212, '2025-01-31', 1084, 'B01', 'CD', NULL, NULL, 4888.96, 106),
(213, '2025-02-03', 1033, 'B01', 'CW', NULL, NULL, 1880.72, 110),
(214, '2025-02-07', 1096, 'B04', 'CD', NULL, NULL, 2739.25, 102),
(215, '2025-02-10', 1041, 'B02', 'CQD', 448281, '2025-02-14', 2336.61, 106),
(216, '2025-02-12', 1027, 'B05', 'CQD', 650796, '2025-02-17', 2176.36, 104),
(217, '2025-02-14', 1058, 'B02', 'CD', NULL, NULL, 1458.98, 109),
(218, '2025-02-18', 1073, 'B03', 'CQD', 453207, '2025-02-23', 2576.49, 109),
(219, '2025-02-20', 1055, 'B01', 'CD', NULL, NULL, 1521.69, 105),
(220, '2025-02-23', 1016, 'B01', 'CW', NULL, NULL, 4370.11, 108),
(221, '2025-02-26', 1002, 'B04', 'CW', NULL, NULL, 3351.26, 101),
(222, '2025-03-01', 1012, 'B05', 'CQD', 853098, '2025-03-05', 2954.01, 108),
(223, '2025-03-04', 1005, 'B01', 'CD', NULL, NULL, 1989.99, 108),
(224, '2025-03-07', 1002, 'B01', 'CW', NULL, NULL, 2779.88, 104),
(225, '2025-03-10', 1050, 'B02', 'CW', NULL, NULL, 2945.53, 101),
(226, '2025-03-12', 1005, 'B02', 'CD', NULL, NULL, 1006.45, 102),
(227, '2025-03-15', 1029, 'B01', 'CD', NULL, NULL, 533.13, 103),
(228, '2025-03-17', 1081, 'B01', 'CQD', 580249, '2025-03-23', 4043.31, 105),
(229, '2025-03-21', 1073, 'B05', 'CQD', 966384, '2025-03-27', 3205.58, 109),
(230, '2025-03-23', 1047, 'B01', 'CW', NULL, NULL, 533.68, 108),
(231, '2025-03-26', 1087, 'B02', 'CQD', 603045, '2025-04-02', 916.15, 105),
(232, '2025-03-30', 1088, 'B03', 'CW', NULL, NULL, 2182.38, 110),
(233, '2025-03-31', 1049, 'B04', 'CD', NULL, NULL, 3967.71, 103),
(234, '2025-04-03', 1082, 'B04', 'CQD', 695236, '2025-04-06', 2565.73, 102),
(235, '2025-04-08', 1025, 'B04', 'CD', NULL, NULL, 722.89, 106),
(236, '2025-04-10', 1098, 'B02', 'CD', NULL, NULL, 1496.06, 101),
(237, '2025-04-11', 1023, 'B01', 'CQD', 570974, '2025-04-12', 1717.24, 109),
(238, '2025-04-16', 1097, 'B01', 'CD', NULL, NULL, 823.77, 105),
(239, '2025-04-17', 1087, 'B02', 'CD', NULL, NULL, 2395.70, 109),
(240, '2025-04-21', 1092, 'B02', 'CQD', 850176, '2025-04-22', 3427.07, 110),
(241, '2025-04-23', 1014, 'B05', 'CW', NULL, NULL, 1024.89, 102),
(242, '2025-04-25', 1006, 'B03', 'CW', NULL, NULL, 1130.39, 110),
(243, '2025-04-28', 1070, 'B05', 'CW', NULL, NULL, 1277.72, 110),
(244, '2025-05-03', 1043, 'B02', 'CW', NULL, NULL, 3642.01, 104),
(245, '2025-05-05', 1059, 'B05', 'CW', NULL, NULL, 1751.48, 101),
(246, '2025-05-07', 1037, 'B05', 'CQD', 829392, '2025-05-13', 906.50, 108),
(247, '2025-05-11', 1093, 'B01', 'CD', NULL, NULL, 3414.02, 107),
(248, '2025-05-12', 1017, 'B04', 'CW', NULL, NULL, 2911.15, 106),
(249, '2025-05-17', 1086, 'B05', 'CD', NULL, NULL, 3372.72, 107),
(250, '2025-05-18', 1049, 'B01', 'CW', NULL, NULL, 1823.71, 109),
(251, '2025-05-21', 1036, 'B03', 'CD', NULL, NULL, 4534.46, 106),
(252, '2025-05-25', 1046, 'B04', 'CW', NULL, NULL, 3557.91, 102),
(253, '2025-05-27', 1098, 'B03', 'CD', NULL, NULL, 2609.63, 110),
(254, '2025-05-30', 1011, 'B03', 'CD', NULL, NULL, 1065.23, 102),
(255, '2025-06-01', 1021, 'B01', 'CW', NULL, NULL, 1368.22, 103),
(256, '2025-06-04', 1008, 'B02', 'CW', NULL, NULL, 2494.18, 105),
(257, '2025-06-06', 1008, 'B02', 'CW', NULL, NULL, 1463.19, 103),
(258, '2025-06-10', 1079, 'B03', 'CW', NULL, NULL, 1031.27, 108),
(259, '2025-06-14', 1053, 'B03', 'CQD', 835187, '2025-06-15', 4851.42, 108),
(260, '2025-06-17', 1080, 'B04', 'CD', NULL, NULL, 4458.90, 104),
(261, '2025-06-19', 1066, 'B02', 'CQD', 413671, '2025-06-22', 2305.44, 108),
(262, '2025-06-21', 1038, 'B04', 'CW', NULL, NULL, 2781.59, 105),
(263, '2025-06-23', 1076, 'B04', 'CD', NULL, NULL, 3665.24, 104),
(264, '2025-06-26', 1021, 'B01', 'CW', NULL, NULL, 3987.00, 110),
(265, '2025-07-01', 1082, 'B01', 'CD', NULL, NULL, 2629.92, 108),
(266, '2025-07-02', 1003, 'B01', 'CD', NULL, NULL, 1257.66, 101),
(267, '2025-07-05', 1017, 'B04', 'CD', NULL, NULL, 3299.86, 103),
(268, '2025-07-07', 1015, 'B01', 'CQD', 478351, '2025-07-09', 2740.14, 103),
(269, '2025-07-10', 1074, 'B01', 'CD', NULL, NULL, 2184.06, 108),
(270, '2025-07-13', 1088, 'B03', 'CQD', 179667, '2025-07-15', 1996.70, 102),
(271, '2025-07-16', 1095, 'B04', 'CQD', 689016, '2025-07-21', 2019.82, 102),
(272, '2025-07-18', 1027, 'B02', 'CW', NULL, NULL, 2793.05, 104),
(273, '2025-07-22', 1089, 'B02', 'CD', NULL, NULL, 4666.25, 108),
(274, '2025-07-26', 1051, 'B01', 'CD', NULL, NULL, 3348.08, 107),
(275, '2025-07-29', 1054, 'B01', 'CQD', 700747, '2025-08-03', 1265.60, 107),
(276, '2025-07-31', 1097, 'B05', 'CW', NULL, NULL, 634.92, 110),
(277, '2025-08-03', 1068, 'B04', 'CW', NULL, NULL, 3039.92, 102),
(278, '2025-08-04', 1027, 'B02', 'CW', NULL, NULL, 1934.99, 104),
(279, '2025-08-08', 1091, 'B01', 'CD', NULL, NULL, 2526.61, 107),
(280, '2025-08-12', 1088, 'B05', 'CW', NULL, NULL, 3612.90, 106),
(281, '2025-08-14', 1056, 'B04', 'CW', NULL, NULL, 2539.50, 109),
(282, '2025-08-16', 1064, 'B03', 'CW', NULL, NULL, 661.39, 102),
(283, '2025-08-20', 1031, 'B02', 'CW', NULL, NULL, 502.52, 110),
(284, '2025-08-23', 1007, 'B04', 'CD', NULL, NULL, 4497.40, 102),
(285, '2025-08-25', 1092, 'B04', 'CQD', 901911, '2025-08-31', 1853.36, 110),
(286, '2025-08-27', 1076, 'B02', 'CQD', 582928, '2025-09-02', 1576.54, 107),
(287, '2025-08-31', 1012, 'B01', 'CW', NULL, NULL, 1012.35, 103),
(288, '2025-09-03', 1040, 'B04', 'CW', NULL, NULL, 2766.42, 109),
(289, '2025-09-05', 1001, 'B02', 'CW', NULL, NULL, 2611.06, 107),
(290, '2025-09-08', 1065, 'B01', 'CD', NULL, NULL, 1368.11, 101),
(291, '2025-09-11', 1086, 'B05', 'CD', NULL, NULL, 2466.52, 110),
(292, '2025-09-14', 1088, 'B01', 'CW', NULL, NULL, 3708.74, 109),
(293, '2025-09-15', 1022, 'B04', 'CQD', 397391, '2025-09-18', 4398.19, 101),
(294, '2025-09-18', 1007, 'B05', 'CD', NULL, NULL, 4451.51, 101),
(295, '2025-09-23', 1038, 'B01', 'CD', NULL, NULL, 2222.56, 109),
(296, '2025-09-25', 1039, 'B03', 'CD', NULL, NULL, 2176.08, 109),
(297, '2025-09-27', 1019, 'B04', 'CQD', 137438, '2025-09-30', 2829.34, 106),
(298, '2025-09-30', 1040, 'B04', 'CD', NULL, NULL, 1642.92, 109),
(299, '2025-10-03', 1034, 'B05', 'CW', NULL, NULL, 3112.79, 107),
(300, '2025-10-06', 1074, 'B05', 'CW', NULL, NULL, 4099.83, 110)
GO

-- 100 INSERT statements for TMASTER (TNO 201-300)
-- DOT random but evenly distributed between 2025-01-01 and 2025-10-07
INSERT INTO TMASTER (TNO, DOT, ACID, BRID, TXN_TYPE, CHQ_NO, CHQ_DATE, TXN_AMOUNT, USERID) VALUES
(701, '2025-01-02', 1083, 'B05', 'CW', NULL, NULL, 2069.49, 105),
(702, '2025-01-05', 1090, 'B01', 'CQD', 556034, '2025-01-11', 3656.74, 103),
(703, '2025-01-07', 1053, 'B05', 'CQD', 121338, '2025-01-11', 3319.28, 109),
(704, '2025-01-10', 1083, 'B02', 'CW', NULL, NULL, 2222.65, 101),
(705, '2025-01-12', 1059, 'B05', 'CW', NULL, NULL, 1014.97, 106),
(706, '2025-01-16', 1011, 'B01', 'CW', NULL, NULL, 2501.64, 110),
(707, '2025-01-19', 1046, 'B04', 'CW', NULL, NULL, 4181.36, 104),
(708, '2025-01-21', 1035, 'B03', 'CQD', 263294, '2025-01-28', 2028.09, 104),
(709, '2025-01-24', 1093, 'B03', 'CW', NULL, NULL, 1917.99, 101),
(710, '2025-01-27', 1086, 'B01', 'CQD', 303895, '2025-02-02', 2429.97, 110),
(711, '2025-01-30', 1008, 'B02', 'CD', NULL, NULL, 2179.72, 110),
(712, '2025-01-31', 1084, 'B01', 'CD', NULL, NULL, 4888.96, 106),
(713, '2025-02-03', 1033, 'B01', 'CW', NULL, NULL, 1880.72, 110),
(714, '2025-02-07', 1096, 'B04', 'CD', NULL, NULL, 2739.25, 102),
(715, '2025-02-10', 1041, 'B02', 'CQD', 448281, '2025-02-14', 2336.61, 106),
(716, '2025-02-12', 1027, 'B05', 'CQD', 650796, '2025-02-17', 2176.36, 104),
(717, '2025-02-14', 1058, 'B02', 'CD', NULL, NULL, 1458.98, 109),
(718, '2025-02-18', 1073, 'B03', 'CQD', 453207, '2025-02-23', 2576.49, 109),
(719, '2025-02-20', 1055, 'B01', 'CD', NULL, NULL, 1521.69, 105),
(720, '2025-02-23', 1016, 'B01', 'CW', NULL, NULL, 4370.11, 108),
(721, '2025-02-26', 1002, 'B04', 'CW', NULL, NULL, 3351.26, 101),
(722, '2025-03-01', 1012, 'B05', 'CQD', 853098, '2025-03-05', 2954.01, 108),
(723, '2025-03-04', 1005, 'B01', 'CD', NULL, NULL, 1989.99, 108),
(724, '2025-03-07', 1002, 'B01', 'CW', NULL, NULL, 2779.88, 104),
(725, '2025-03-10', 1050, 'B02', 'CW', NULL, NULL, 2945.53, 101),
(726, '2025-03-12', 1005, 'B02', 'CD', NULL, NULL, 1006.45, 102),
(727, '2025-03-15', 1029, 'B01', 'CD', NULL, NULL, 533.13, 103),
(728, '2025-03-17', 1081, 'B01', 'CQD', 580249, '2025-03-23', 4043.31, 105),
(729, '2025-03-21', 1073, 'B05', 'CQD', 966384, '2025-03-27', 3205.58, 109),
(730, '2025-03-23', 1047, 'B01', 'CW', NULL, NULL, 533.68, 108),
(731, '2025-03-26', 1087, 'B02', 'CQD', 603045, '2025-04-02', 916.15, 105),
(732, '2025-03-30', 1088, 'B03', 'CW', NULL, NULL, 2182.38, 110),
(733, '2025-03-31', 1049, 'B04', 'CD', NULL, NULL, 3967.71, 103),
(734, '2025-04-03', 1082, 'B04', 'CQD', 695236, '2025-04-06', 2565.73, 102),
(735, '2025-04-08', 1025, 'B04', 'CD', NULL, NULL, 722.89, 106),
(736, '2025-04-10', 1098, 'B02', 'CD', NULL, NULL, 1496.06, 101),
(737, '2025-04-11', 1023, 'B01', 'CQD', 570974, '2025-04-12', 1717.24, 109),
(738, '2025-04-16', 1097, 'B01', 'CD', NULL, NULL, 823.77, 105),
(739, '2025-04-17', 1087, 'B02', 'CD', NULL, NULL, 2395.70, 109),
(740, '2025-04-21', 1092, 'B02', 'CQD', 850176, '2025-04-22', 3427.07, 110),
(741, '2025-04-23', 1014, 'B05', 'CW', NULL, NULL, 1024.89, 102),
(742, '2025-04-25', 1006, 'B03', 'CW', NULL, NULL, 1130.39, 110),
(743, '2025-04-28', 1070, 'B05', 'CW', NULL, NULL, 1277.72, 110),
(744, '2025-05-03', 1043, 'B02', 'CW', NULL, NULL, 3642.01, 104),
(745, '2025-05-05', 1059, 'B05', 'CW', NULL, NULL, 1751.48, 101),
(746, '2025-05-07', 1037, 'B05', 'CQD', 829392, '2025-05-13', 906.50, 108),
(747, '2025-05-11', 1093, 'B01', 'CD', NULL, NULL, 3414.02, 107),
(748, '2025-05-12', 1017, 'B04', 'CW', NULL, NULL, 2911.15, 106),
(749, '2025-05-17', 1086, 'B05', 'CD', NULL, NULL, 3372.72, 107),
(750, '2025-05-18', 1049, 'B01', 'CW', NULL, NULL, 1823.71, 109),
(751, '2025-05-21', 1036, 'B03', 'CD', NULL, NULL, 4534.46, 106),
(752, '2025-05-25', 1046, 'B04', 'CW', NULL, NULL, 3557.91, 102),
(753, '2025-05-27', 1098, 'B03', 'CD', NULL, NULL, 2609.63, 110),
(754, '2025-05-30', 1011, 'B03', 'CD', NULL, NULL, 1065.23, 102),
(755, '2025-06-01', 1021, 'B01', 'CW', NULL, NULL, 1368.22, 103),
(756, '2025-06-04', 1008, 'B02', 'CW', NULL, NULL, 2494.18, 105),
(757, '2025-06-06', 1008, 'B02', 'CW', NULL, NULL, 1463.19, 103),
(758, '2025-06-10', 1079, 'B03', 'CW', NULL, NULL, 1031.27, 108),
(759, '2025-06-14', 1053, 'B03', 'CQD', 835187, '2025-06-15', 4851.42, 108),
(760, '2025-06-17', 1080, 'B04', 'CD', NULL, NULL, 4458.90, 104),
(761, '2025-06-19', 1066, 'B02', 'CQD', 413671, '2025-06-22', 2305.44, 108),
(762, '2025-06-21', 1038, 'B04', 'CW', NULL, NULL, 2781.59, 105),
(763, '2025-06-23', 1076, 'B04', 'CD', NULL, NULL, 3665.24, 104),
(764, '2025-06-26', 1021, 'B01', 'CW', NULL, NULL, 3987.00, 110),
(765, '2025-07-01', 1082, 'B01', 'CD', NULL, NULL, 2629.92, 108),
(766, '2025-07-02', 1003, 'B01', 'CD', NULL, NULL, 1257.66, 101),
(767, '2025-07-05', 1017, 'B04', 'CD', NULL, NULL, 3299.86, 103),
(768, '2025-07-07', 1015, 'B01', 'CQD', 478351, '2025-07-09', 2740.14, 103),
(769, '2025-07-10', 1074, 'B01', 'CD', NULL, NULL, 2184.06, 108),
(770, '2025-07-13', 1088, 'B03', 'CQD', 179667, '2025-07-15', 1996.70, 102),
(771, '2025-07-16', 1095, 'B04', 'CQD', 689016, '2025-07-21', 2019.82, 102),
(772, '2025-07-18', 1027, 'B02', 'CW', NULL, NULL, 2793.05, 104),
(773, '2025-07-22', 1089, 'B02', 'CD', NULL, NULL, 4666.25, 108),
(774, '2025-07-26', 1051, 'B01', 'CD', NULL, NULL, 3348.08, 107),
(775, '2025-07-29', 1054, 'B01', 'CQD', 700747, '2025-08-03', 1265.60, 107),
(776, '2025-07-31', 1097, 'B05', 'CW', NULL, NULL, 634.92, 110),
(777, '2025-08-03', 1068, 'B04', 'CW', NULL, NULL, 3039.92, 102),
(778, '2025-08-04', 1027, 'B02', 'CW', NULL, NULL, 1934.99, 104),
(779, '2025-08-08', 1091, 'B01', 'CD', NULL, NULL, 2526.61, 107),
(780, '2025-08-12', 1088, 'B05', 'CW', NULL, NULL, 3612.90, 106),
(781, '2025-08-14', 1056, 'B04', 'CW', NULL, NULL, 2539.50, 109),
(782, '2025-08-16', 1064, 'B03', 'CW', NULL, NULL, 661.39, 102),
(783, '2025-08-20', 1031, 'B02', 'CW', NULL, NULL, 502.52, 110),
(784, '2025-08-23', 1007, 'B04', 'CD', NULL, NULL, 4497.40, 102),
(785, '2025-08-25', 1092, 'B04', 'CQD', 901911, '2025-08-31', 1853.36, 110),
(786, '2025-08-27', 1076, 'B02', 'CQD', 582928, '2025-09-02', 1576.54, 107),
(787, '2025-08-31', 1012, 'B01', 'CW', NULL, NULL, 1012.35, 103),
(788, '2025-09-03', 1040, 'B04', 'CW', NULL, NULL, 2766.42, 109),
(789, '2025-09-05', 1001, 'B02', 'CW', NULL, NULL, 2611.06, 107),
(790, '2025-09-08', 1065, 'B01', 'CD', NULL, NULL, 1368.11, 101),
(791, '2025-09-11', 1086, 'B05', 'CD', NULL, NULL, 2466.52, 110),
(792, '2025-09-14', 1088, 'B01', 'CW', NULL, NULL, 3708.74, 109),
(793, '2025-09-15', 1022, 'B04', 'CQD', 397391, '2025-09-18', 4398.19, 101),
(794, '2025-09-18', 1007, 'B05', 'CD', NULL, NULL, 4451.51, 101),
(795, '2025-09-23', 1038, 'B01', 'CD', NULL, NULL, 2222.56, 109),
(796, '2025-09-25', 1039, 'B03', 'CD', NULL, NULL, 2176.08, 109),
(797, '2025-09-27', 1019, 'B04', 'CQD', 137438, '2025-09-30', 2829.34, 106),
(798, '2025-09-30', 1040, 'B04', 'CD', NULL, NULL, 1642.92, 109),
(799, '2025-10-03', 1034, 'B05', 'CW', NULL, NULL, 3112.79, 107),
(800, '2025-10-06', 1074, 'B05', 'CW', NULL, NULL, 4099.83, 110)
GO

-- 100 INSERT statements for TMASTER (TNO 201-300)
-- DOT random but evenly distributed between 2025-01-01 and 2025-10-07
INSERT INTO TMASTER (TNO, DOT, ACID, BRID, TXN_TYPE, CHQ_NO, CHQ_DATE, TXN_AMOUNT, USERID) VALUES
(801, '2025-10-02', 1083, 'B05', 'CW', NULL, NULL, 2069.49, 105),
(802, '2025-10-05', 1090, 'B01', 'CQD', 556034, '2025-01-11', 3656.74, 103),
(803, '2025-10-07', 1053, 'B05', 'CQD', 121338, '2025-01-11', 3319.28, 109),
(804, '2025-10-01', 1083, 'B02', 'CW', NULL, NULL, 2222.65, 101),
(805, '2025-10-02', 1059, 'B05', 'CW', NULL, NULL, 1014.97, 106),
(806, '2025-10-03', 1011, 'B01', 'CW', NULL, NULL, 2501.64, 110),
(807, '2025-10-04', 1046, 'B04', 'CW', NULL, NULL, 4181.36, 104),
(808, '2025-10-05', 1035, 'B03', 'CQD', 263294, '2025-01-28', 2028.09, 104),
(809, '2025-10-06', 1093, 'B03', 'CW', NULL, NULL, 1917.99, 101),
(810, '2025-10-07', 1086, 'B01', 'CQD', 303895, '2025-02-02', 2429.97, 110),
(811, '2025-10-01', 1008, 'B02', 'CD', NULL, NULL, 2179.72, 110),
(812, '2025-10-02', 1084, 'B01', 'CD', NULL, NULL, 4888.96, 106),
(813, '2025-10-03', 1033, 'B01', 'CW', NULL, NULL, 1880.72, 110),
(814, '2025-10-04', 1096, 'B04', 'CD', NULL, NULL, 2739.25, 102),
(815, '2025-10-05', 1041, 'B02', 'CQD', 448281, '2025-02-14', 2336.61, 106),
(816, '2025-10-06', 1027, 'B05', 'CQD', 650796, '2025-02-17', 2176.36, 104),
(817, '2025-10-07', 1058, 'B02', 'CD', NULL, NULL, 1458.98, 109),
(818, '2025-10-01', 1073, 'B03', 'CQD', 453207, '2025-02-23', 2576.49, 109),
(819, '2025-10-02', 1055, 'B01', 'CD', NULL, NULL, 1521.69, 105),
(820, '2025-10-03', 1016, 'B01', 'CW', NULL, NULL, 4370.11, 108),
(821, '2025-10-04', 1002, 'B04', 'CW', NULL, NULL, 3351.26, 101),
(822, '2025-10-05', 1012, 'B05', 'CQD', 853098, '2025-03-05', 2954.01, 108),
(823, '2025-10-06', 1005, 'B01', 'CD', NULL, NULL, 1989.99, 108),
(824, '2025-08-07', 1002, 'B01', 'CW', NULL, NULL, 2779.88, 104),
(825, '2025-08-10', 1050, 'B02', 'CW', NULL, NULL, 2945.53, 101),
(826, '2025-08-12', 1005, 'B02', 'CD', NULL, NULL, 1006.45, 102),
(827, '2025-08-15', 1029, 'B01', 'CD', NULL, NULL, 533.13, 103),
(828, '2025-08-17', 1081, 'B01', 'CQD', 580249, '2025-03-23', 4043.31, 105),
(829, '2025-08-21', 1073, 'B05', 'CQD', 966384, '2025-03-27', 3205.58, 109),
(830, '2025-08-23', 1047, 'B01', 'CW', NULL, NULL, 533.68, 108),
(831, '2025-08-26', 1087, 'B02', 'CQD', 603045, '2025-04-02', 916.15, 105),
(832, '2025-08-30', 1088, 'B03', 'CW', NULL, NULL, 2182.38, 110),
(833, '2025-08-31', 1049, 'B04', 'CD', NULL, NULL, 3967.71, 103),
(834, '2025-08-03', 1082, 'B04', 'CQD', 695236, '2025-04-06', 2565.73, 102),
(835, '2025-08-08', 1025, 'B04', 'CD', NULL, NULL, 722.89, 106),
(836, '2025-08-10', 1098, 'B02', 'CD', NULL, NULL, 1496.06, 101),
(837, '2025-08-11', 1023, 'B01', 'CQD', 570974, '2025-04-12', 1717.24, 109),
(838, '2025-08-16', 1097, 'B01', 'CD', NULL, NULL, 823.77, 105),
(839, '2025-08-17', 1087, 'B02', 'CD', NULL, NULL, 2395.70, 109),
(840, '2025-08-21', 1092, 'B02', 'CQD', 850176, '2025-04-22', 3427.07, 110),
(841, '2025-08-23', 1014, 'B05', 'CW', NULL, NULL, 1024.89, 102),
(842, '2025-08-25', 1006, 'B03', 'CW', NULL, NULL, 1130.39, 110),
(843, '2025-08-28', 1070, 'B05', 'CW', NULL, NULL, 1277.72, 110),
(844, '2025-08-03', 1043, 'B02', 'CW', NULL, NULL, 3642.01, 104),
(845, '2025-08-05', 1059, 'B05', 'CW', NULL, NULL, 1751.48, 101),
(846, '2025-08-07', 1037, 'B05', 'CQD', 829392, '2025-05-13', 906.50, 108),
(847, '2025-08-11', 1093, 'B01', 'CD', NULL, NULL, 3414.02, 107),
(848, '2025-08-12', 1017, 'B04', 'CW', NULL, NULL, 2911.15, 106),
(849, '2025-08-17', 1086, 'B05', 'CD', NULL, NULL, 3372.72, 107),
(850, '2025-08-18', 1049, 'B01', 'CW', NULL, NULL, 1823.71, 109),
(851, '2025-08-21', 1036, 'B03', 'CD', NULL, NULL, 4534.46, 106),
(852, '2025-08-25', 1046, 'B04', 'CW', NULL, NULL, 3557.91, 102),
(853, '2025-08-27', 1098, 'B03', 'CD', NULL, NULL, 2609.63, 110),
(854, '2025-08-30', 1011, 'B03', 'CD', NULL, NULL, 1065.23, 102),
(855, '2025-08-01', 1021, 'B01', 'CW', NULL, NULL, 1368.22, 103),
(856, '2025-08-04', 1008, 'B02', 'CW', NULL, NULL, 2494.18, 105),
(857, '2025-08-06', 1008, 'B02', 'CW', NULL, NULL, 1463.19, 103),
(858, '2025-08-10', 1079, 'B03', 'CW', NULL, NULL, 1031.27, 108),
(859, '2025-08-14', 1053, 'B03', 'CQD', 835187, '2025-06-15', 4851.42, 108),
(860, '2025-09-17', 1080, 'B04', 'CD', NULL, NULL, 4458.90, 104),
(861, '2025-09-19', 1066, 'B02', 'CQD', 413671, '2025-06-22', 2305.44, 108),
(862, '2025-09-21', 1038, 'B04', 'CW', NULL, NULL, 2781.59, 105),
(863, '2025-09-23', 1076, 'B04', 'CD', NULL, NULL, 3665.24, 104),
(864, '2025-09-26', 1021, 'B01', 'CW', NULL, NULL, 3987.00, 110),
(865, '2025-09-01', 1082, 'B01', 'CD', NULL, NULL, 2629.92, 108),
(866, '2025-09-02', 1003, 'B01', 'CD', NULL, NULL, 1257.66, 101),
(867, '2025-09-05', 1017, 'B04', 'CD', NULL, NULL, 3299.86, 103),
(868, '2025-09-07', 1015, 'B01', 'CQD', 478351, '2025-07-09', 2740.14, 103),
(869, '2025-09-10', 1074, 'B01', 'CD', NULL, NULL, 2184.06, 108),
(870, '2025-09-13', 1088, 'B03', 'CQD', 179667, '2025-07-15', 1996.70, 102),
(871, '2025-09-16', 1095, 'B04', 'CQD', 689016, '2025-07-21', 2019.82, 102),
(872, '2025-09-18', 1027, 'B02', 'CW', NULL, NULL, 2793.05, 104),
(873, '2025-09-22', 1089, 'B02', 'CD', NULL, NULL, 4666.25, 108),
(874, '2025-09-26', 1051, 'B01', 'CD', NULL, NULL, 3348.08, 107),
(875, '2025-09-29', 1054, 'B01', 'CQD', 700747, '2025-08-03', 1265.60, 107),
(876, '2025-09-30', 1097, 'B05', 'CW', NULL, NULL, 634.92, 110),
(877, '2025-09-03', 1068, 'B04', 'CW', NULL, NULL, 3039.92, 102),
(878, '2025-09-04', 1027, 'B02', 'CW', NULL, NULL, 1934.99, 104),
(879, '2025-09-08', 1091, 'B01', 'CD', NULL, NULL, 2526.61, 107),
(880, '2025-09-12', 1088, 'B05', 'CW', NULL, NULL, 3612.90, 106),
(881, '2025-09-14', 1056, 'B04', 'CW', NULL, NULL, 2539.50, 109),
(882, '2025-09-16', 1064, 'B03', 'CW', NULL, NULL, 661.39, 102),
(883, '2025-09-20', 1031, 'B02', 'CW', NULL, NULL, 502.52, 110),
(884, '2025-09-23', 1007, 'B04', 'CD', NULL, NULL, 4497.40, 102),
(885, '2025-09-25', 1092, 'B04', 'CQD', 901911, '2025-08-31', 1853.36, 110),
(886, '2025-09-27', 1076, 'B02', 'CQD', 582928, '2025-09-02', 1576.54, 107),
(887, '2025-09-29', 1012, 'B01', 'CW', NULL, NULL, 1012.35, 103),
(888, '2025-09-03', 1040, 'B04', 'CW', NULL, NULL, 2766.42, 109),
(889, '2025-09-05', 1001, 'B02', 'CW', NULL, NULL, 2611.06, 107),
(890, '2025-04-08', 1065, 'B01', 'CD', NULL, NULL, 1368.11, 101),
(891, '2025-04-11', 1086, 'B05', 'CD', NULL, NULL, 2466.52, 110),
(892, '2025-04-14', 1088, 'B01', 'CW', NULL, NULL, 3708.74, 109),
(893, '2025-04-15', 1022, 'B04', 'CQD', 397391, '2025-09-18', 4398.19, 101),
(894, '2025-04-18', 1007, 'B05', 'CD', NULL, NULL, 4451.51, 101),
(895, '2025-04-23', 1038, 'B01', 'CD', NULL, NULL, 2222.56, 109),
(896, '2025-04-25', 1039, 'B03', 'CD', NULL, NULL, 2176.08, 109),
(897, '2025-04-27', 1019, 'B04', 'CQD', 137438, '2025-09-30', 2829.34, 106),
(898, '2025-04-30', 1040, 'B04', 'CD', NULL, NULL, 1642.92, 109),
(899, '2025-04-03', 1034, 'B05', 'CW', NULL, NULL, 3112.79, 107),
(900, '2025-04-06', 1074, 'B05', 'CW', NULL, NULL, 4099.83, 110)
GO

SELECT * FROM AMASTER AM
JOIN
TMASTER TM ON AM.ACID = TM.ACID
GO

UPDATE AMASTER
SET CBAL = CBAL+10000, UBAL = UBAL+10000
GO

SELECT * FROM AMASTER
go

/**********************************************************************************************/
-- 1.	List the transactions that have taken place in a given Branch during the previous month
Create proc usp_txnpreviousmonth
(
	@BRID CHAR(3)
)
as
Begin
	SELECT * FROM TMASTER
	WHERE BRID = @BRID AND DATEDIFF(MM,DOT,GETDATE()) = 1
End
GO

EXEC usp_txnpreviousmonth 'B05'
GO

/**********************************************************************************************/
-- 2.	Give the branch-wise total cash deposits that have taken place during the last 5 days
SELECT BRID, COUNT(*) AS TOTCASHDEPOSITS 
FROM TMASTER
WHERE TXN_TYPE = 'CD' AND DATEDIFF(DD,DOT, GETDATE()) <= 30
GROUP BY BRID
GO

/**********************************************************************************************/
-- 3.	Give the branch-wise total cash withdrawals during the last month, where the total cash withdrawals 
-- are greater than Rs 1,00,000
SELECT BRID, SUM(TXN_AMOUNT) AS TOTCASHWITHDRAWALS
FROM TMASTER
WHERE TXN_TYPE = 'CW' AND DATEDIFF(MM,DOT, GETDATE()) = 1
GROUP BY BRID
HAVING SUM(TXN_AMOUNT) > 10000
GO

/**********************************************************************************************/
-- 4.	List the names of the account holders with corresponding branch names, in respect of the maximum and 
-- minimum Cleared balance
SELECT NAME, BRANCHNAME,CBAL FROM AMASTER AM
JOIN
BMASTER BM
ON AM.BRID = BM.BRID
WHERE CBAL IN (SELECT MAX(CBAL) FROM AMASTER) OR CBAL IN (SELECT MIN(CBAL) FROM AMASTER)
GO
/**********************************************************************************************/
--5.	List the names of the account holders with corresponding branch names, in respect of the 
--      second-highest maximum and minimum Cleared balance
SELECT NAME,BRANCHNAME,CBAL FROM AMASTER AM JOIN
BMASTER BM
ON AM.BRID = BM.BRID
WHERE CBAL = (
SELECT MAX(CBAL) FROM AMASTER
WHERE CBAL < (SELECT MAX(CBAL) FROM AMASTER)
)
OR CBAL = 
(SELECT MIN(CBAL) FROM AMASTER
WHERE CBAL >(SELECT MIN(CBAL) FROM AMASTER)
)
GO

/**********************************************************************************************/
-- 6.	List the name of the account holder who has the second-highest cleared balance in the branch having 
--      the account with the maximum cleared balance.

-- Using Sub-queries
SELECT NAME,CBAL FROM AMASTER
WHERE CBAL = (SELECT MAX(CBAL) FROM AMASTER 
				WHERE CBAL < 
				(SELECT MAX(CBAL) FROM AMASTER)
				) 
			AND 
		BRID = 
			(
				SELECT TOP 1 BRID FROM AMASTER
				ORDER BY CBAL DESC
			)
GO

--Using CTE
with top1brid as
	(
	select top 1 brid from AMASTER
	order by CBAL desc
	),
rankno as
	(
	select name, brid, cbal, DENSE_RANK() over (partition by brid order by cbal desc) as rankno
	from AMASTER
	where BRID = (select BRID from top1brid)
)
select name, cbal from rankno
where rankno = 2
GO

/**********************************************************************************************/
--7.	Give the TransactionType-wise, branch-wise, total amount for the day
SELECT TXN_TYPE,BRID,SUM(TXN_AMOUNT) AS TOTALAMOUNT FROM TMASTER
WHERE DOT <= DATEADD(DAY, -1, GETDATE())
GROUP BY TXN_TYPE,BRID
ORDER BY TXN_TYPE
GO

/**********************************************************************************************/
-- 8.	Give the names of the account holders who have not put thru not even a single Cash deposit
--      transaction during the last 15 days
Select NAME from AMASTER am
	where not exists
	(
		Select * from TMASTER tm
		where TXN_TYPE = 'CD' and am.ACID = tm.ACID and datediff(DD,DOT,getdate()) <= 15
	)
go

SELECT A.NAME
FROM AMASTER A
WHERE NOT EXISTS (
    SELECT 1
    FROM TMASTER T
    WHERE T.ACID = A.ACID
      AND T.TXN_TYPE = 'CD'
      AND T.DOT >= DATEADD(DAY, -15, GETDATE())
)
go
/**********************************************************************************************/
-- 9.	List the product having the maximum number of accounts
Select PRODUCTNAME, 
		COUNT(*) as Nofproducts 
from PMASTER pm
join
AMASTER am
on am.PID = pm.PID
group by PRODUCTNAME
having COUNT(*) = 
			(
			Select MAX(Noofproducts)
			from
				(
					Select PID, COUNT(*) as Noofproducts from AMASTER
					group by PID
				) as k
			)
go

Select * from AMASTER

update PMASTER
set PID = 'P05'
where PID = 'P5'

/**********************************************************************************************/
-- 10.	List the product having the maximum monthly average number of transactions (consider the last 6 months data)
Select top 1 PRODUCTNAME from
	(
	Select PRODUCTNAME, AVG(Nooftxns) AvgMonthlyTxns from
		(
			Select PRODUCTNAME, datename(MM,DOT)as Month,COUNT(*) as Nooftxns from AMASTER am
			join
			PMASTER pm
			on am.PID = pm.PID
			join
			TMASTER tm
			on am.ACID = tm.ACID
			where DOT >= DATEADD(MM,-6,DOT) AND YEAR(DOT) = (SELECT YEAR(GETDATE()))
			group by productname, datename(MM,DOT)
		) as k
	group by PRODUCTNAME
	) as j
order by AvgMonthlyTxns desc
go

/**********************************************************************************************/
-- TRIGGERS


