Create Database SCHOOL
go

use SCHOOL
go

Create table CourseMaster
(
	CID			Integer			Primary Key,
	CourseName	Varchar(40)		NOT NULL,
	Category	Char(1)			NULL		Check (Category in ('B','I','A')),
	Fee			Smallmoney		NOT NULL
)
go

INSERT INTO CourseMaster (CID, CourseName, Category, Fee) VALUES
(101, 'Power BI for Beginners', 'A', 7500),
(102, 'Advanced SQL Techniques', 'B', 8500),
(103, 'Python for Data Analytics', 'A', 9500),
(104, 'Excel Dashboard Mastery', 'I', 6000),
(105, 'Data Visualization with Tableau', 'B', 8800),
(106, 'Business Intelligence Fundamentals', 'A', 7200),
(107, 'Introduction to Databases', 'I', 5500),
(108, 'Machine Learning Basics', 'B', 9800),
(109, 'Statistics for Data Science', 'A', 9000),
(110, 'ETL and Data Warehousing Concepts', 'I', 8200),
(111, 'R Programming Essentials', 'A', 8700),
(112, 'Data Modeling with Power BI', 'B', 9300),
(113, 'SQL Performance Tuning', 'I', 8800),
(114, 'Data Storytelling and Visualization', 'A', 7600),
(115, 'Cloud Data Fundamentals (Azure)', 'B', 9900),
(116, 'Data Cleaning and Transformation', 'I', 7000),
(117, 'Predictive Analytics with Excel', 'A', 6400),
(118, 'Introduction to Big Data Concepts', 'B', 10200),
(119, 'Data Governance and Quality', 'I', 8500),
(120, 'Artificial Intelligence Overview', 'A', 11000)
go

Select * from CourseMaster
go

Create table StudentMaster
(
	SID				int			primary key,
	StudentName		Varchar(40)		NOT NULL,
	Origin			Char(1)			NOT NULL Check (Origin in ('L','F')),
	Type			Char(1)			NOT NULL, Check (Type in ('U','G'))
)
go

INSERT INTO StudentMaster (SID, StudentName, Origin, Type) VALUES
(201, 'Amit Sharma', 'L', 'U'),
(202, 'Priya Verma', 'F', 'G'),
(203, 'Rahul Mehta', 'L', 'U'),
(204, 'Sneha Iyer', 'F', 'G'),
(205, 'Vikram Singh', 'L', 'U'),
(206, 'Neha Kapoor', 'F', 'G'),
(207, 'Arjun Reddy', 'L', 'U'),
(208, 'Kavya Nair', 'F', 'G'),
(209, 'Rohit Das', 'L', 'U'),
(210, 'Meera Joshi', 'F', 'G'),
(211, 'Karan Patel', 'L', 'U'),
(212, 'Ananya Rao', 'F', 'G'),
(213, 'Siddharth Gupta', 'L', 'U'),
(214, 'Isha Malhotra', 'F', 'G'),
(215, 'Nikhil Bansal', 'L', 'U'),
(216, 'Ritika Sen', 'F', 'G'),
(217, 'Harshad Kulkarni', 'L', 'U'),
(218, 'Tanya Roy', 'F', 'G'),
(219, 'Manish Yadav', 'L', 'U'),
(220, 'Pooja Desai', 'F', 'G'),
(221, 'Abhishek Mishra', 'L', 'U'),
(222, 'Divya Menon', 'F', 'G'),
(223, 'Gaurav Jain', 'L', 'U'),
(224, 'Shruti Bhat', 'F', 'G'),
(225, 'Sandeep Kumar', 'L', 'U'),
(226, 'Rhea D’Souza', 'F', 'G'),
(227, 'Mohit Chawla', 'L', 'U'),
(228, 'Aparna Pillai', 'F', 'G'),
(229, 'Deepak Nair', 'L', 'U'),
(230, 'Lavanya Sharma', 'F', 'G'),
(231, 'Tarun Gill', 'L', 'U'),
(232, 'Charu Malhotra', 'F', 'G'),
(233, 'Aditya Chauhan', 'L', 'U'),
(234, 'Mitali Sen', 'F', 'G'),
(235, 'Rakesh Yadav', 'L', 'U'),
(236, 'Nisha Thomas', 'F', 'G'),
(237, 'Sourabh Jain', 'L', 'U'),
(238, 'Anjali Menon', 'F', 'G'),
(239, 'Vivek Rana', 'L', 'U'),
(240, 'Kritika Ghosh', 'F', 'G'),
(241, 'Sanjay Verma', 'L', 'U'),
(242, 'Preeti Sinha', 'F', 'G'),
(243, 'Manoj Patel', 'L', 'U'),
(244, 'Snehal Deshmukh', 'F', 'G'),
(245, 'Rajesh Nair', 'L', 'U'),
(246, 'Ritika Rao', 'F', 'G'),
(247, 'Ashish Chauhan', 'L', 'U'),
(248, 'Deepti Joshi', 'F', 'G'),
(249, 'Sumit Malhotra', 'L', 'U'),
(250, 'Pallavi Sen', 'F', 'G'),
(251, 'Kunal Arora', 'L', 'U'),
(252, 'Shreya Iyer', 'F', 'G'),
(253, 'Vikas Reddy', 'L', 'U'),
(254, 'Aditi Kapoor', 'F', 'G'),
(255, 'Rohit Khanna', 'L', 'U'),
(256, 'Nandita Das', 'F', 'G'),
(257, 'Chetan Joshi', 'L', 'U'),
(258, 'Simran Bhatia', 'F', 'G'),
(259, 'Ajay Soni', 'L', 'U'),
(260, 'Rupal Jain', 'F', 'G'),
(261, 'Mayank Gupta', 'L', 'U'),
(262, 'Neelam Nair', 'F', 'G'),
(263, 'Arpit Sharma', 'L', 'U'),
(264, 'Rekha Pillai', 'F', 'G'),
(265, 'Kishore Rao', 'L', 'U'),
(266, 'Tanvi Menon', 'F', 'G'),
(267, 'Prashant Singh', 'L', 'U'),
(268, 'Madhuri Ghosh', 'F', 'G'),
(269, 'Varun Desai', 'L', 'U'),
(270, 'Rachita Thomas', 'F', 'G'),
(271, 'Ravi Chauhan', 'L', 'U'),
(272, 'Ankita Sen', 'F', 'G'),
(273, 'Sameer Nair', 'L', 'U'),
(274, 'Bhavna Joshi', 'F', 'G'),
(275, 'Suresh Patel', 'L', 'U'),
(276, 'Aishwarya Rao', 'F', 'G'),
(277, 'Vineet Sharma', 'L', 'U'),
(278, 'Karishma Iyer', 'F', 'G'),
(279, 'Naveen Kumar', 'L', 'U'),
(280, 'Diya Menon', 'F', 'G'),
(281, 'Ankit Tiwari', 'L', 'U'),
(282, 'Shravya Deshmukh', 'F', 'G'),
(283, 'Hardik Yadav', 'L', 'U'),
(284, 'Ira Kapoor', 'F', 'G'),
(285, 'Jayant Reddy', 'L', 'U'),
(286, 'Meghna Sen', 'F', 'G'),
(287, 'Deepanshu Verma', 'L', 'U'),
(288, 'Naina Ghosh', 'F', 'G'),
(289, 'Arvind Sinha', 'L', 'U'),
(290, 'Tanuja Thomas', 'F', 'G'),
(291, 'Lokesh Gupta', 'L', 'U'),
(292, 'Sakshi Malhotra', 'F', 'G'),
(293, 'Prateek Kumar', 'L', 'U'),
(294, 'Avantika Rao', 'F', 'G'),
(295, 'Rohan Mehta', 'L', 'U'),
(296, 'Chaitra Menon', 'F', 'G'),
(297, 'Nitin Arora', 'L', 'U'),
(298, 'Sneha Pillai', 'F', 'G'),
(299, 'Dinesh Patel', 'L', 'U'),
(300, 'Aaradhya Nair', 'F', 'G')
go

Select * from StudentMaster
go

Create table EnrollmentMaster
(
	CID		Integer			NOT NULL Foreign Key(CID) references CourseMaster(CID),
	SID		Int				NOT NULL Foreign Key(SID) references StudentMaster(SID),
	DOE		DateTime		NOT NULL,
	FWF		Bit				NOT NULL,
	Grade	Char(1)			Check (Grade in ('O','A','B','C'))
)
go

INSERT INTO EnrollmentMaster(SID, CID, DOE, FWF, Grade) VALUES
(214,104,'2025-08-01',0,'C'),
(263,120,'2025-08-31',1,'B'),
(215,101,'2025-06-17',1,'C'),
(262,119,'2025-06-11',1,'C'),
(229,116,'2025-01-12',1,'O'),
(288,109,'2025-05-27',0,'A'),
(220,103,'2025-07-22',1,'A'),
(217,103,'2025-06-27',0,'A'),
(259,102,'2025-03-27',0,'O'),
(216,107,'2025-04-30',1,'A'),
(202,113,'2025-03-12',0,'O'),
(287,114,'2025-12-27',0,'O'),
(269,115,'2025-07-20',0,'O'),
(207,117,'2025-09-07',0,'A'),
(262,106,'2025-06-28',0,'A'),
(245,118,'2025-10-14',0,'A'),
(270,111,'2025-04-01',1,'B'),
(293,115,'2025-06-19',0,'B'),
(283,108,'2025-11-07',0,'A'),
(245,109,'2025-04-24',1,'B'),
(285,114,'2025-01-22',1,'B'),
(239,119,'2025-04-15',1,'A'),
(237,105,'2025-01-06',1,'C'),
(238,106,'2025-10-22',0,'B'),
(208,103,'2025-10-10',1,'A'),
(218,113,'2025-11-15',1,'B'),
(218,109,'2025-12-16',1,'B'),
(244,113,'2025-11-18',1,'A'),
(263,119,'2025-11-12',1,'B'),
(290,120,'2025-04-11',1,'A'),
(244,108,'2025-08-10',1,'B'),
(280,116,'2025-06-09',0,'A'),
(276,105,'2025-11-28',0,'B'),
(266,102,'2025-04-19',0,'A'),
(230,118,'2025-06-21',1,'C'),
(264,120,'2025-03-08',0,'A'),
(230,116,'2025-07-26',1,'O'),
(296,107,'2025-08-07',1,'O'),
(201,112,'2025-12-31',1,'B'),
(299,101,'2025-09-25',0,'C'),
(274,108,'2025-05-07',0,'C'),
(278,110,'2025-12-30',1,'C'),
(290,115,'2025-01-03',1,'C'),
(252,104,'2025-05-20',0,'C'),
(276,119,'2025-11-30',1,'B'),
(206,118,'2025-05-09',0,'B'),
(226,112,'2025-06-03',1,'B'),
(212,114,'2025-01-05',0,'B'),
(214,105,'2025-06-15',1,'A'),
(271,108,'2025-12-13',0,'O'),
(235,102,'2025-11-25',0,'A'),
(238,107,'2025-04-13',0,'A'),
(245,107,'2025-05-04',1,'A'),
(231,114,'2025-10-02',1,'A'),
(298,109,'2025-03-24',0,'B'),
(297,110,'2025-09-16',0,'O'),
(271,120,'2025-06-28',0,'B'),
(256,120,'2025-02-04',0,'A'),
(219,112,'2025-06-29',0,'A'),
(265,113,'2025-06-25',1,'B'),
(201,119,'2025-05-24',0,'B'),
(253,102,'2025-02-20',0,'O'),
(202,117,'2025-04-25',0,'A'),
(210,106,'2025-11-19',0,'A'),
(292,118,'2025-07-22',1,'C'),
(240,113,'2025-03-24',0,'C'),
(270,104,'2025-01-30',0,'C'),
(236,104,'2025-10-05',1,'B'),
(260,108,'2025-09-20',0,'O'),
(202,104,'2025-07-02',0,'C'),
(268,112,'2025-09-06',0,'A'),
(204,117,'2025-01-27',1,'B'),
(234,120,'2025-07-29',0,'B'),
(263,105,'2025-11-14',1,'B'),
(214,104,'2025-05-14',0,'C'),
(273,115,'2025-01-06',1,'C'),
(290,109,'2025-01-20',1,'C'),
(289,117,'2025-08-27',0,'O'),
(264,118,'2025-08-01',1,'C'),
(230,116,'2025-10-08',0,'B'),
(209,117,'2025-10-27',1,'A'),
(272,116,'2025-11-06',1,'O'),
(266,111,'2025-12-25',1,'O'),
(236,113,'2025-03-19',1,'B'),
(292,102,'2025-11-23',1,'O'),
(297,118,'2025-10-23',1,'A'),
(225,105,'2025-11-15',1,'A'),
(220,109,'2025-08-13',1,'C'),
(224,104,'2025-07-02',1,'O'),
(291,118,'2025-08-08',0,'C'),
(235,103,'2025-03-02',1,'O'),
(219,109,'2025-10-10',0,'B'),
(286,110,'2025-10-13',1,'B'),
(279,115,'2025-03-19',0,'O'),
(236,104,'2025-11-17',0,'B'),
(299,101,'2025-09-17',1,'O'),
(284,103,'2025-03-31',0,'C'),
(227,120,'2025-08-17',0,'O'),
(210,108,'2025-06-03',1,'B'),
(295,110,'2025-10-03',0,'A'),
(255,103,'2025-11-13',0,'A'),
(288,107,'2025-01-07',1,'O'),
(207,110,'2025-09-06',0,'B'),
(203,111,'2025-03-19',0,'B'),
(256,109,'2025-01-20',0,'B'),
(261,106,'2025-11-21',0,'O'),
(243,119,'2025-06-17',0,'O'),
(256,101,'2025-05-25',1,'A'),
(293,112,'2025-02-05',0,'A'),
(292,103,'2025-07-07',0,'B'),
(238,110,'2025-11-12',0,'C'),
(236,117,'2025-06-01',0,'O'),
(257,120,'2025-02-04',1,'A'),
(251,112,'2025-02-28',1,'C'),
(233,109,'2025-12-21',1,'C'),
(288,111,'2025-03-22',1,'A'),
(244,108,'2025-04-30',0,'B'),
(243,112,'2025-12-13',1,'B'),
(285,104,'2025-04-16',0,'C'),
(300,101,'2025-06-28',0,'O'),
(231,116,'2025-09-17',0,'B'),
(287,120,'2025-12-25',1,'O'),
(201,104,'2025-07-07',0,'A'),
(212,117,'2025-11-27',0,'B'),
(233,115,'2025-10-12',0,'C'),
(242,116,'2025-07-01',0,'C'),
(277,112,'2025-07-10',1,'A'),
(251,108,'2025-01-16',1,'O'),
(296,105,'2025-05-12',1,'O'),
(232,106,'2025-04-29',1,'C'),
(201,110,'2025-03-16',0,'A'),
(240,103,'2025-08-26',1,'A'),
(248,112,'2025-03-06',1,'B'),
(267,117,'2025-10-31',0,'B'),
(225,107,'2025-11-26',1,'C'),
(283,106,'2025-08-24',0,'A'),
(222,117,'2025-08-10',0,'A'),
(300,111,'2025-01-12',0,'C'),
(259,119,'2025-05-09',1,'B'),
(252,114,'2025-04-06',0,'C'),
(270,109,'2025-05-08',0,'B'),
(264,104,'2025-05-13',0,'A'),
(252,102,'2025-02-09',0,'O'),
(230,108,'2025-08-09',1,'O'),
(242,116,'2025-07-04',0,'A'),
(298,111,'2025-04-02',0,'A'),
(225,108,'2025-10-06',1,'A'),
(228,102,'2025-08-13',0,'B'),
(211,119,'2025-08-09',1,'C'),
(219,101,'2025-11-12',1,'A'),
(217,110,'2025-06-03',1,'A'),
(287,119,'2025-12-23',1,'A'),
(237,106,'2025-09-02',1,'B'),
(282,120,'2025-03-21',0,'C'),
(276,103,'2025-04-04',0,'C'),
(253,113,'2025-08-19',1,'O'),
(265,111,'2025-12-08',0,'A'),
(211,114,'2025-05-09',1,'A'),
(208,119,'2025-07-04',0,'A'),
(279,113,'2025-06-18',0,'B'),
(228,118,'2025-05-12',1,'A'),
(288,107,'2025-08-03',1,'A'),
(289,119,'2025-09-10',0,'C'),
(201,103,'2025-06-20',0,'O'),
(235,108,'2025-10-26',0,'O'),
(221,104,'2025-06-15',1,'O'),
(241,117,'2025-12-01',1,'C'),
(216,107,'2025-07-01',0,'O'),
(288,110,'2025-06-04',1,'B'),
(213,113,'2025-09-12',1,'A'),
(240,112,'2025-01-07',1,'B'),
(235,111,'2025-12-25',1,'C'),
(279,105,'2025-03-04',1,'B'),
(278,111,'2025-05-04',0,'C'),
(289,116,'2025-04-15',0,'C'),
(231,119,'2025-11-09',0,'B'),
(263,111,'2025-08-06',0,'O'),
(208,117,'2025-01-26',1,'C'),
(296,105,'2025-05-09',1,'C'),
(231,110,'2025-11-16',1,'A'),
(236,119,'2025-02-27',0,'O'),
(250,117,'2025-10-18',0,'A'),
(272,102,'2025-02-20',1,'C'),
(205,114,'2025-06-28',1,'B'),
(283,114,'2025-02-20',0,'O'),
(286,104,'2025-06-17',1,'B'),
(261,118,'2025-09-16',0,'B'),
(293,120,'2025-01-03',1,'C'),
(278,119,'2025-04-19',0,'O'),
(238,116,'2025-09-05',1,'O'),
(286,120,'2025-12-07',1,'C'),
(236,120,'2025-03-23',1,'A'),
(205,112,'2025-05-01',1,'O'),
(207,103,'2025-11-05',0,'C'),
(246,113,'2025-04-22',0,'B'),
(214,114,'2025-05-14',1,'A'),
(244,104,'2025-02-28',1,'A'),
(255,103,'2025-10-16',1,'A'),
(264,105,'2025-12-20',0,'O'),
(254,107,'2025-10-10',1,'B'),
(246,104,'2025-11-11',1,'O'),
(252,117,'2025-06-30',0,'C'),
(207,103,'2025-01-03',1,'B'),
(226,103,'2025-04-11',0,'C'),
(255,119,'2025-09-10',0,'C'),
(233,109,'2025-01-02',1,'O'),
(268,114,'2025-09-10',1,'O'),
(206,104,'2025-04-11',0,'C'),
(262,107,'2025-09-23',0,'C'),
(274,108,'2025-04-30',0,'A'),
(221,105,'2025-08-22',1,'B'),
(282,116,'2025-04-12',1,'B'),
(269,111,'2025-03-15',0,'O'),
(266,113,'2025-07-21',0,'C'),
(202,115,'2025-11-17',0,'B'),
(260,116,'2025-01-16',0,'A'),
(251,108,'2025-02-28',0,'C'),
(244,105,'2025-11-04',0,'C'),
(245,115,'2025-05-21',0,'O'),
(271,105,'2025-05-05',0,'O'),
(265,103,'2025-09-29',0,'A'),
(255,113,'2025-04-22',1,'A'),
(221,118,'2025-08-01',1,'A'),
(218,117,'2025-09-11',1,'B'),
(203,101,'2025-11-11',0,'B'),
(246,102,'2025-07-25',0,'B'),
(239,103,'2025-06-06',0,'C'),
(267,113,'2025-08-18',1,'B'),
(264,118,'2025-06-21',0,'B'),
(233,111,'2025-06-12',1,'C'),
(283,105,'2025-12-17',0,'B'),
(236,113,'2025-06-18',1,'A'),
(245,107,'2025-03-21',0,'B'),
(283,102,'2025-03-23',0,'A'),
(240,110,'2025-02-05',0,'C'),
(299,119,'2025-08-22',1,'O'),
(298,112,'2025-09-18',1,'A'),
(246,107,'2025-03-05',0,'C'),
(292,115,'2025-10-21',1,'C'),
(251,113,'2025-12-10',0,'A'),
(271,106,'2025-07-17',0,'C'),
(257,109,'2025-08-11',0,'C'),
(210,115,'2025-03-14',1,'O'),
(278,104,'2025-09-17',0,'A'),
(258,101,'2025-09-02',0,'C'),
(267,115,'2025-02-05',0,'B'),
(284,102,'2025-03-09',0,'B'),
(241,118,'2025-01-03',1,'A'),
(255,106,'2025-06-26',0,'C'),
(244,110,'2025-08-03',1,'C'),
(224,116,'2025-04-27',0,'O'),
(252,113,'2025-07-02',1,'B'),
(209,107,'2025-10-24',0,'A'),
(228,107,'2025-06-14',0,'O'),
(282,105,'2025-10-05',0,'A'),
(267,111,'2025-08-04',0,'O'),
(231,109,'2025-03-09',1,'A'),
(225,120,'2025-03-02',0,'C'),
(253,114,'2025-02-27',0,'O'),
(277,112,'2025-03-17',1,'C'),
(264,106,'2025-03-14',1,'C'),
(242,109,'2025-09-28',1,'C'),
(284,103,'2025-03-01',0,'O'),
(237,112,'2025-02-02',0,'O'),
(228,108,'2025-01-21',1,'B'),
(293,106,'2025-03-09',1,'A'),
(209,103,'2025-08-13',1,'O'),
(211,115,'2025-02-04',1,'B'),
(247,114,'2025-06-23',1,'O'),
(274,101,'2025-08-14',1,'O'),
(262,109,'2025-05-19',1,'C'),
(273,114,'2025-03-26',1,'O'),
(207,105,'2025-09-08',0,'B'),
(261,115,'2025-09-08',0,'C'),
(226,120,'2025-07-25',1,'A'),
(260,117,'2025-02-12',1,'C'),
(251,103,'2025-03-11',1,'A'),
(281,111,'2025-09-23',1,'B'),
(253,117,'2025-06-05',1,'O'),
(267,116,'2025-07-31',1,'A'),
(262,114,'2025-09-17',1,'B'),
(257,107,'2025-04-30',1,'A'),
(286,115,'2025-10-14',0,'B'),
(209,107,'2025-07-13',0,'A'),
(249,116,'2025-07-31',0,'C'),
(273,116,'2025-07-22',0,'C'),
(253,104,'2025-07-18',1,'C'),
(240,114,'2025-09-29',0,'C'),
(255,120,'2025-03-13',0,'B'),
(243,116,'2025-05-08',1,'A'),
(263,104,'2025-06-13',1,'A'),
(262,108,'2025-01-07',0,'B'),
(275,117,'2025-04-26',1,'C'),
(225,101,'2025-06-14',0,'A'),
(230,108,'2025-05-30',0,'B'),
(238,102,'2025-04-12',1,'C'),
(246,104,'2025-09-22',0,'A'),
(258,110,'2025-12-04',0,'A'),
(223,109,'2025-02-08',0,'C'),
(251,111,'2025-03-29',1,'A'),
(230,118,'2025-11-12',0,'C'),
(296,105,'2025-06-10',1,'C'),
(233,108,'2025-07-20',1,'B'),
(290,113,'2025-11-26',0,'A'),
(222,108,'2025-06-02',1,'B'),
(201,120,'2025-02-25',0,'C'),
(209,118,'2025-03-30',0,'B'),
(243,116,'2025-12-01',1,'A'),
(280,103,'2025-08-07',1,'A'),
(284,108,'2025-02-19',0,'A'),
(241,101,'2025-04-12',1,'C'),
(249,111,'2025-10-08',0,'O'),
(249,116,'2025-04-14',1,'C'),
(207,118,'2025-06-30',1,'B'),
(251,114,'2025-08-03',0,'A'),
(281,104,'2025-09-17',0,'O'),
(287,110,'2025-07-23',1,'C'),
(221,104,'2025-08-11',0,'O'),
(250,119,'2025-09-28',0,'O'),
(275,107,'2025-01-10',1,'O'),
(290,111,'2025-02-07',1,'C'),
(203,106,'2025-05-13',0,'B'),
(235,108,'2025-12-06',1,'B'),
(271,108,'2025-10-16',1,'O'),
(201,103,'2025-03-12',1,'B'),
(248,120,'2025-08-20',1,'A'),
(202,105,'2025-12-29',0,'C'),
(278,104,'2025-06-16',0,'B'),
(269,111,'2025-04-11',1,'C'),
(215,108,'2025-11-02',1,'O'),
(263,114,'2025-06-19',0,'C'),
(214,105,'2025-01-27',0,'O'),
(288,106,'2025-08-22',0,'A'),
(258,112,'2025-08-30',1,'C'),
(259,118,'2025-12-04',1,'O'),
(212,108,'2025-09-11',0,'C'),
(270,120,'2025-05-02',1,'A'),
(250,110,'2025-03-26',0,'A'),
(235,111,'2025-10-22',1,'B'),
(268,120,'2025-11-09',1,'C'),
(295,105,'2025-01-27',1,'C'),
(286,112,'2025-10-28',0,'B'),
(251,114,'2025-11-28',0,'A'),
(263,117,'2025-01-04',1,'O'),
(281,120,'2025-08-04',0,'C'),
(286,113,'2025-10-20',1,'O'),
(299,111,'2025-02-05',0,'A'),
(219,104,'2025-06-18',1,'A'),
(243,104,'2025-12-21',0,'C'),
(289,113,'2025-12-18',1,'O'),
(273,113,'2025-08-19',0,'O'),
(245,110,'2025-01-15',1,'O'),
(283,107,'2025-03-10',1,'O'),
(298,116,'2025-05-06',1,'A'),
(283,111,'2025-03-12',0,'A'),
(277,113,'2025-01-05',0,'C'),
(231,109,'2025-10-22',0,'O'),
(223,107,'2025-03-23',0,'O'),
(227,115,'2025-12-29',0,'A'),
(252,103,'2025-03-01',1,'O'),
(216,112,'2025-06-30',0,'O'),
(231,110,'2025-11-10',1,'C'),
(206,116,'2025-01-22',0,'B'),
(292,105,'2025-06-24',1,'A'),
(206,101,'2025-12-19',1,'O'),
(206,118,'2025-12-13',0,'O'),
(299,115,'2025-09-21',1,'C'),
(299,118,'2025-04-13',1,'C'),
(234,118,'2025-11-17',0,'C'),
(251,109,'2025-11-11',0,'A'),
(227,103,'2025-02-22',0,'O'),
(269,114,'2025-05-20',1,'B'),
(267,115,'2025-06-02',0,'A'),
(265,112,'2025-06-27',0,'A'),
(258,106,'2025-01-05',0,'B'),
(227,102,'2025-05-07',1,'A'),
(273,115,'2025-05-30',1,'A'),
(247,102,'2025-12-27',1,'C'),
(270,117,'2025-06-24',1,'C'),
(291,120,'2025-04-08',0,'C'),
(275,110,'2025-11-02',1,'O'),
(288,106,'2025-06-04',0,'O'),
(224,105,'2025-08-06',1,'O'),
(292,117,'2025-10-19',0,'O'),
(260,102,'2025-07-13',1,'C'),
(212,105,'2025-01-23',1,'C'),
(213,107,'2025-05-29',1,'B'),
(261,112,'2025-08-17',0,'B'),
(216,105,'2025-07-07',0,'C'),
(243,108,'2025-03-22',1,'B'),
(238,106,'2025-10-04',0,'A'),
(293,119,'2025-11-27',0,'O'),
(282,112,'2025-01-07',1,'O'),
(240,103,'2025-12-23',0,'C'),
(262,102,'2025-07-25',0,'A'),
(280,117,'2025-11-22',0,'O'),
(248,101,'2025-10-20',1,'B'),
(234,116,'2025-11-28',0,'A'),
(283,112,'2025-05-06',0,'B'),
(300,110,'2025-10-22',0,'A'),
(209,106,'2025-06-16',0,'C'),
(251,110,'2025-12-17',0,'A'),
(274,110,'2025-10-29',0,'B'),
(293,113,'2025-08-22',1,'C'),
(254,108,'2025-12-17',0,'O'),
(268,114,'2025-08-23',0,'C'),
(230,110,'2025-03-27',1,'C'),
(225,104,'2025-03-16',0,'O'),
(267,108,'2025-12-19',0,'O'),
(211,104,'2025-10-28',0,'C'),
(233,120,'2025-08-26',0,'A'),
(262,119,'2025-03-09',0,'O'),
(289,115,'2025-05-02',1,'A'),
(269,108,'2025-06-28',0,'A'),
(234,107,'2025-12-22',1,'A'),
(257,103,'2025-03-09',0,'O'),
(261,118,'2025-01-25',0,'B'),
(294,103,'2025-10-10',1,'C'),
(257,102,'2025-03-18',0,'A'),
(238,102,'2025-08-31',1,'O'),
(241,116,'2025-05-25',0,'O'),
(282,104,'2025-04-23',0,'C'),
(213,112,'2025-04-24',0,'C'),
(248,111,'2025-01-25',0,'C'),
(283,118,'2025-07-12',0,'C'),
(223,105,'2025-03-29',1,'C'),
(246,108,'2025-04-13',1,'O'),
(210,115,'2025-05-09',1,'C'),
(283,109,'2025-11-01',0,'O'),
(266,112,'2025-01-16',0,'C'),
(264,116,'2025-02-05',1,'O'),
(215,117,'2025-01-07',1,'C'),
(219,111,'2025-12-12',1,'O'),
(299,108,'2025-02-28',0,'O'),
(226,108,'2025-07-21',0,'B'),
(297,105,'2025-07-28',0,'C'),
(286,112,'2025-12-08',1,'O'),
(212,120,'2025-05-13',1,'A'),
(268,116,'2025-08-13',0,'C'),
(232,115,'2025-03-18',0,'C'),
(208,120,'2025-02-25',1,'C'),
(228,116,'2025-05-23',1,'A'),
(222,112,'2025-05-17',1,'B'),
(284,101,'2025-01-17',1,'A'),
(230,106,'2025-08-16',0,'A'),
(257,119,'2025-07-19',0,'B'),
(256,106,'2025-02-27',1,'O'),
(288,110,'2025-03-24',0,'A'),
(293,116,'2025-05-07',0,'O'),
(258,108,'2025-05-24',1,'B'),
(253,105,'2025-12-09',1,'O'),
(239,101,'2025-06-21',0,'B'),
(261,119,'2025-06-26',0,'A'),
(221,119,'2025-02-11',1,'C'),
(276,119,'2025-05-07',1,'A'),
(276,114,'2025-03-18',0,'B'),
(252,108,'2025-01-05',0,'B'),
(295,103,'2025-12-16',0,'O'),
(263,101,'2025-05-16',0,'O'),
(221,103,'2025-06-17',1,'B'),
(298,106,'2025-09-11',0,'C'),
(282,106,'2025-10-02',0,'O'),
(272,117,'2025-09-15',0,'O'),
(233,109,'2025-12-23',0,'A'),
(237,109,'2025-05-27',0,'A'),
(277,103,'2025-02-23',0,'O'),
(249,107,'2025-10-08',0,'O'),
(231,117,'2025-10-14',1,'C'),
(270,114,'2025-02-25',1,'C'),
(277,112,'2025-03-20',1,'C'),
(265,103,'2025-04-05',0,'B'),
(260,115,'2025-04-27',1,'B'),
(265,108,'2025-07-15',0,'C'),
(210,116,'2025-05-11',0,'B'),
(241,120,'2025-04-04',1,'O'),
(278,111,'2025-02-07',0,'A'),
(289,107,'2025-10-30',1,'O'),
(224,120,'2025-06-12',0,'A'),
(295,119,'2025-10-08',0,'C'),
(243,120,'2025-10-14',0,'B'),
(220,114,'2025-03-11',0,'O'),
(201,104,'2025-12-11',0,'C'),
(262,119,'2025-07-27',0,'B'),
(287,103,'2025-10-10',0,'O'),
(255,115,'2025-11-04',1,'A'),
(220,118,'2025-04-19',0,'C'),
(275,107,'2025-09-11',1,'C'),
(256,110,'2025-09-25',1,'C'),
(246,118,'2025-08-30',1,'A'),
(293,115,'2025-10-30',1,'O'),
(249,102,'2025-04-01',0,'C'),
(246,120,'2025-02-24',0,'B'),
(249,116,'2025-07-16',1,'B'),
(235,107,'2025-05-01',0,'O'),
(283,120,'2025-03-02',0,'A'),
(202,103,'2025-06-05',0,'A'),
(231,101,'2025-10-14',0,'A'),
(297,101,'2025-05-03',0,'C'),
(211,118,'2025-05-03',0,'C'),
(281,103,'2025-04-10',1,'C'),
(241,101,'2025-04-21',1,'O'),
(300,116,'2025-12-07',1,'B'),
(227,106,'2025-02-14',0,'C'),
(238,120,'2025-09-10',1,'O'),
(213,110,'2025-04-19',1,'B'),
(253,119,'2025-11-12',1,'C'),
(204,116,'2025-04-24',1,'C'),
(265,116,'2025-03-06',0,'A'),
(209,112,'2025-07-03',1,'A'),
(298,105,'2025-01-12',0,'A'),
(220,103,'2025-07-28',1,'O'),
(229,110,'2025-06-17',1,'B'),
(239,119,'2025-09-04',0,'O'),
(241,101,'2025-09-28',1,'A'),
(285,106,'2025-11-26',1,'C'),
(243,117,'2025-10-16',0,'B'),
(241,107,'2025-04-14',1,'O'),
(288,106,'2025-08-09',1,'B'),
(283,102,'2025-07-09',0,'C'),
(269,102,'2025-12-30',0,'A'),
(260,112,'2025-12-09',0,'A'),
(250,110,'2025-11-26',1,'A'),
(209,117,'2025-09-20',1,'O'),
(289,101,'2025-08-26',0,'B'),
(257,114,'2025-08-14',1,'C'),
(287,102,'2025-09-18',0,'C'),
(283,106,'2025-01-16',0,'C'),
(208,108,'2025-03-11',1,'A'),
(273,118,'2025-06-24',1,'O'),
(271,117,'2025-11-29',1,'B'),
(266,114,'2025-03-04',1,'C'),
(256,106,'2025-11-13',1,'A'),
(294,115,'2025-04-07',0,'B'),
(268,112,'2025-05-27',0,'O'),
(208,109,'2025-12-19',1,'C'),
(214,101,'2025-07-10',1,'C'),
(293,101,'2025-05-11',1,'C'),
(269,118,'2025-10-24',1,'C'),
(210,105,'2025-06-17',0,'B'),
(244,110,'2025-11-28',1,'B'),
(291,115,'2025-06-02',1,'C'),
(286,108,'2025-07-13',1,'A'),
(248,119,'2025-06-22',0,'A'),
(234,114,'2025-05-24',0,'A'),
(278,111,'2025-01-01',0,'O'),
(243,101,'2025-03-11',1,'A'),
(263,107,'2025-10-07',1,'O'),
(254,114,'2025-04-18',0,'A'),
(227,115,'2025-01-04',1,'C'),
(298,119,'2025-02-23',0,'O'),
(295,104,'2025-12-28',1,'O'),
(214,120,'2025-02-16',1,'O'),
(222,106,'2025-02-05',0,'B'),
(253,105,'2025-02-07',1,'B'),
(298,107,'2025-11-29',0,'B'),
(272,116,'2025-09-30',0,'O'),
(256,119,'2025-03-17',1,'B'),
(262,115,'2025-08-10',0,'B'),
(234,116,'2025-07-18',0,'A'),
(228,117,'2025-08-04',0,'O'),
(203,114,'2025-10-14',0,'O'),
(236,120,'2025-04-24',1,'A'),
(206,119,'2025-01-24',0,'C'),
(282,109,'2025-08-10',1,'O'),
(211,110,'2025-05-28',1,'C'),
(228,116,'2025-04-14',1,'O'),
(207,116,'2025-02-20',0,'B'),
(276,110,'2025-03-27',0,'B'),
(243,109,'2025-02-21',1,'C'),
(202,113,'2025-11-11',1,'B'),
(259,113,'2025-10-22',0,'B'),
(201,120,'2025-02-18',0,'B'),
(249,102,'2025-02-24',0,'O'),
(236,120,'2025-12-08',0,'B'),
(279,108,'2025-06-01',1,'B'),
(210,105,'2025-09-13',0,'C'),
(278,104,'2025-12-02',1,'C'),
(216,119,'2025-05-23',1,'O'),
(206,119,'2025-01-29',1,'C'),
(263,107,'2025-03-24',0,'C'),
(226,106,'2025-10-14',1,'B'),
(215,114,'2025-10-16',0,'A'),
(216,120,'2025-09-30',0,'A'),
(269,110,'2025-06-19',1,'A'),
(283,119,'2025-06-25',1,'B'),
(254,108,'2025-02-16',0,'A'),
(277,120,'2025-02-08',1,'A'),
(279,117,'2025-07-18',0,'B'),
(292,117,'2025-03-02',0,'O'),
(245,105,'2025-08-28',1,'C'),
(203,111,'2025-11-10',1,'A'),
(270,107,'2025-08-08',0,'A'),
(287,112,'2025-01-28',0,'B'),
(255,112,'2025-11-07',1,'A'),
(206,114,'2025-07-11',1,'B'),
(228,107,'2025-06-18',1,'O'),
(265,110,'2025-01-16',1,'C'),
(246,119,'2025-09-13',0,'O'),
(242,109,'2025-03-14',0,'O'),
(243,107,'2025-06-24',0,'O'),
(231,107,'2025-07-15',1,'A'),
(202,106,'2025-01-18',1,'O'),
(205,114,'2025-10-18',1,'B'),
(221,116,'2025-07-11',1,'O'),
(238,109,'2025-05-05',1,'B'),
(227,115,'2025-07-30',1,'C'),
(239,111,'2025-04-22',1,'A'),
(217,102,'2025-09-14',1,'A'),
(259,109,'2025-02-28',0,'O'),
(257,102,'2025-11-19',1,'C'),
(268,112,'2025-11-12',0,'A'),
(281,112,'2025-01-14',1,'C'),
(232,106,'2025-11-26',0,'A'),
(285,102,'2025-02-07',1,'B'),
(262,108,'2025-03-27',1,'C'),
(293,112,'2025-06-26',1,'C'),
(291,115,'2025-01-29',0,'O'),
(288,113,'2025-04-18',0,'A'),
(259,120,'2025-09-17',1,'C'),
(251,103,'2025-06-02',1,'B'),
(207,101,'2025-09-13',0,'C'),
(227,103,'2025-08-02',0,'C'),
(244,107,'2025-06-13',0,'C'),
(299,111,'2025-05-23',1,'C'),
(266,113,'2025-01-09',1,'A'),
(230,119,'2025-12-06',0,'B'),
(238,103,'2025-05-09',1,'B'),
(297,110,'2025-09-22',0,'A'),
(240,103,'2025-04-10',1,'C'),
(294,107,'2025-09-18',0,'B'),
(272,112,'2025-05-02',0,'O'),
(224,111,'2025-08-09',0,'O'),
(237,110,'2025-08-23',0,'A'),
(224,109,'2025-03-09',1,'A'),
(297,118,'2025-08-15',1,'O'),
(209,107,'2025-11-25',0,'A'),
(262,112,'2025-11-01',0,'C'),
(240,108,'2025-10-28',1,'O'),
(292,110,'2025-02-23',1,'C'),
(227,112,'2025-11-26',1,'B'),
(299,116,'2025-01-25',1,'O'),
(218,109,'2025-08-28',0,'B'),
(232,113,'2025-05-31',0,'O'),
(265,102,'2025-07-21',0,'O'),
(268,101,'2025-01-17',0,'C'),
(276,101,'2025-11-10',1,'O'),
(212,113,'2025-02-17',0,'B'),
(216,104,'2025-07-23',1,'B'),
(208,107,'2025-07-11',1,'O'),
(205,104,'2025-02-27',1,'O'),
(262,111,'2025-11-11',0,'C'),
(220,117,'2025-10-29',0,'C'),
(293,105,'2025-06-01',0,'C'),
(272,109,'2025-07-17',0,'C'),
(264,115,'2025-06-18',1,'A'),
(263,112,'2025-12-07',1,'O'),
(276,103,'2025-01-03',0,'A'),
(273,102,'2025-08-26',1,'O'),
(214,109,'2025-04-13',1,'A'),
(287,111,'2025-08-11',0,'A'),
(276,120,'2025-06-02',0,'O'),
(271,118,'2025-02-14',1,'A'),
(263,109,'2025-02-22',0,'B'),
(216,119,'2025-12-11',1,'A'),
(291,119,'2025-06-08',0,'O'),
(204,101,'2025-01-17',1,'B'),
(259,111,'2025-04-18',1,'O'),
(213,108,'2025-09-03',1,'O'),
(291,115,'2025-09-08',1,'B'),
(215,112,'2025-01-03',0,'B'),
(214,116,'2025-02-07',0,'O'),
(279,113,'2025-11-13',1,'O'),
(252,102,'2025-09-10',0,'A'),
(207,105,'2025-10-12',1,'O'),
(277,119,'2025-11-05',0,'O'),
(207,104,'2025-01-23',1,'O'),
(284,102,'2025-11-06',1,'B'),
(226,107,'2025-01-19',0,'B'),
(246,117,'2025-11-23',0,'A'),
(267,120,'2025-05-09',0,'O'),
(230,114,'2025-09-02',0,'C'),
(286,118,'2025-05-29',1,'C'),
(269,118,'2025-01-05',1,'O'),
(273,116,'2025-02-16',1,'O'),
(291,107,'2025-10-02',1,'C'),
(203,101,'2025-05-18',0,'O'),
(220,117,'2025-11-02',0,'C'),
(246,118,'2025-03-19',0,'B'),
(213,109,'2025-09-28',0,'O'),
(284,111,'2025-11-24',1,'B'),
(204,105,'2025-10-12',0,'C'),
(295,113,'2025-11-06',1,'C'),
(226,118,'2025-08-17',0,'O'),
(277,116,'2025-08-19',1,'C'),
(274,110,'2025-04-30',1,'A'),
(225,116,'2025-08-01',0,'B'),
(222,120,'2025-03-20',0,'C'),
(220,111,'2025-02-27',1,'C'),
(290,102,'2025-04-16',1,'C'),
(250,101,'2025-05-06',1,'C'),
(244,102,'2025-04-15',1,'B'),
(220,119,'2025-10-14',1,'C'),
(258,120,'2025-04-07',0,'B'),
(268,101,'2025-07-09',1,'A'),
(293,109,'2025-08-19',1,'B'),
(290,101,'2025-08-15',0,'C'),
(257,110,'2025-03-06',1,'A'),
(229,103,'2025-10-06',0,'O'),
(285,105,'2025-12-02',1,'C'),
(222,113,'2025-01-23',1,'A'),
(219,114,'2025-11-25',1,'B'),
(269,119,'2025-09-15',1,'A'),
(298,118,'2025-01-02',0,'B'),
(210,114,'2025-05-05',0,'C'),
(213,101,'2025-11-21',0,'O'),
(246,111,'2025-09-17',0,'B'),
(220,110,'2025-03-24',1,'C'),
(297,101,'2025-10-14',1,'C'),
(222,101,'2025-08-17',1,'C'),
(212,111,'2025-09-19',1,'O'),
(258,102,'2025-08-27',0,'A'),
(270,120,'2025-09-14',1,'O'),
(290,102,'2025-01-11',1,'O'),
(300,102,'2025-02-27',1,'B'),
(269,116,'2025-09-03',0,'A'),
(258,104,'2025-05-08',0,'O'),
(215,112,'2025-01-22',1,'B'),
(249,120,'2025-05-05',0,'A'),
(251,101,'2025-01-26',1,'B'),
(252,107,'2025-03-25',1,'A'),
(237,111,'2025-11-24',0,'B'),
(206,116,'2025-09-24',0,'O'),
(261,109,'2025-02-25',0,'O'),
(270,110,'2025-12-07',0,'O'),
(226,111,'2025-03-18',1,'A'),
(210,108,'2025-10-15',1,'C'),
(292,115,'2025-03-12',0,'B'),
(260,111,'2025-06-09',0,'C'),
(296,109,'2025-10-27',0,'A'),
(281,104,'2025-01-14',1,'A'),
(283,108,'2025-05-14',0,'B'),
(272,108,'2025-07-29',1,'A'),
(284,119,'2025-04-27',0,'C'),
(256,118,'2025-01-12',1,'B'),
(270,115,'2025-07-29',1,'B'),
(244,117,'2025-05-28',0,'O'),
(214,119,'2025-07-10',0,'C'),
(259,113,'2025-02-14',1,'C'),
(286,118,'2025-04-14',1,'B'),
(203,117,'2025-04-16',0,'O'),
(294,106,'2025-11-15',0,'B'),
(288,106,'2025-02-18',1,'A'),
(236,103,'2025-04-19',0,'A'),
(286,107,'2025-01-09',1,'A'),
(268,120,'2025-03-23',0,'C'),
(246,118,'2025-09-03',0,'C'),
(206,108,'2025-10-06',0,'A'),
(223,119,'2025-01-27',1,'B'),
(237,107,'2025-05-12',1,'A'),
(296,120,'2025-06-28',1,'O'),
(249,106,'2025-06-01',0,'A'),
(245,119,'2025-05-19',1,'C'),
(253,112,'2025-11-22',0,'C'),
(244,101,'2025-12-14',1,'A'),
(219,117,'2025-12-19',0,'B'),
(207,118,'2025-08-21',0,'A'),
(299,105,'2025-08-05',0,'O'),
(272,118,'2025-03-16',1,'O'),
(204,101,'2025-02-04',0,'C'),
(276,120,'2025-09-04',0,'O'),
(272,105,'2025-08-31',0,'C'),
(274,115,'2025-05-11',1,'C'),
(257,106,'2025-06-20',0,'A'),
(265,101,'2025-06-04',0,'C'),
(203,112,'2025-05-04',1,'O'),
(266,115,'2025-09-27',1,'C'),
(229,105,'2025-10-02',1,'O'),
(207,103,'2025-01-07',0,'B'),
(253,102,'2025-08-07',0,'B'),
(299,117,'2025-12-12',0,'A'),
(296,108,'2025-02-24',0,'O'),
(297,113,'2025-06-17',1,'A'),
(234,119,'2025-12-30',0,'B'),
(288,103,'2025-06-28',0,'B'),
(210,119,'2025-03-14',0,'B'),
(297,101,'2025-07-01',1,'C'),
(216,105,'2025-05-02',1,'O'),
(241,109,'2025-08-23',0,'B'),
(234,110,'2025-05-25',0,'C'),
(286,113,'2025-11-07',1,'A'),
(203,115,'2025-01-03',0,'O'),
(299,120,'2025-06-18',1,'O'),
(242,120,'2025-09-15',0,'C'),
(270,105,'2025-11-19',1,'C'),
(235,112,'2025-01-06',1,'O'),
(248,113,'2025-07-08',0,'A'),
(291,109,'2025-03-24',0,'C'),
(269,117,'2025-04-05',0,'A'),
(214,115,'2025-02-10',0,'B'),
(236,113,'2025-08-11',1,'B'),
(252,116,'2025-06-27',1,'O'),
(221,106,'2025-01-25',0,'O'),
(280,119,'2025-03-22',1,'C'),
(229,117,'2025-09-07',0,'O'),
(234,115,'2025-10-12',0,'A'),
(286,103,'2025-06-09',1,'O'),
(216,111,'2025-01-06',1,'B'),
(247,101,'2025-07-04',0,'O'),
(286,115,'2025-12-15',1,'A'),
(296,117,'2025-11-28',1,'B'),
(289,114,'2025-03-01',0,'A'),
(224,107,'2025-09-20',0,'B'),
(229,120,'2025-08-07',1,'O'),
(208,103,'2025-02-28',1,'O'),
(237,117,'2025-02-26',0,'O'),
(208,119,'2025-06-08',0,'O'),
(282,112,'2025-09-15',1,'C'),
(222,119,'2025-12-15',0,'A'),
(279,102,'2025-01-28',0,'A'),
(235,101,'2025-03-30',1,'B'),
(260,108,'2025-11-01',1,'O'),
(244,116,'2025-08-25',0,'O'),
(260,109,'2025-06-22',1,'C'),
(293,111,'2025-12-09',1,'O'),
(230,102,'2025-03-18',1,'C'),
(299,110,'2025-12-15',0,'O'),
(290,119,'2025-01-27',1,'B'),
(300,115,'2025-06-28',0,'A'),
(254,107,'2025-02-11',0,'A'),
(299,118,'2025-08-22',1,'O'),
(230,112,'2025-09-23',0,'O'),
(274,116,'2025-10-16',1,'A'),
(260,112,'2025-06-07',0,'O'),
(266,111,'2025-02-15',0,'C'),
(244,110,'2025-06-07',0,'A'),
(205,105,'2025-04-02',0,'B'),
(212,115,'2025-04-02',0,'C'),
(239,104,'2025-09-05',1,'A'),
(280,107,'2025-06-11',1,'C'),
(225,116,'2025-08-06',1,'A'),
(202,120,'2025-04-26',0,'B'),
(235,114,'2025-11-02',1,'B'),
(273,105,'2025-07-11',0,'A'),
(247,116,'2025-08-23',0,'B'),
(257,111,'2025-01-13',0,'C'),
(226,120,'2025-02-06',1,'A'),
(264,112,'2025-10-15',0,'C'),
(245,119,'2025-02-07',0,'C'),
(246,104,'2025-11-01',1,'C'),
(224,106,'2025-03-09',0,'A'),
(232,112,'2025-06-03',0,'A'),
(218,103,'2025-08-08',0,'C'),
(297,120,'2025-09-30',0,'C'),
(288,118,'2025-12-29',1,'B'),
(253,101,'2025-01-07',0,'A'),
(276,112,'2025-02-04',1,'C'),
(294,112,'2025-07-12',1,'C'),
(215,106,'2025-08-23',1,'B'),
(273,112,'2025-09-06',0,'A'),
(271,114,'2025-08-21',1,'O'),
(218,102,'2025-11-26',0,'C'),
(224,106,'2025-04-07',0,'C'),
(273,119,'2025-09-10',0,'C'),
(299,101,'2025-12-26',1,'A'),
(250,120,'2025-09-25',0,'C'),
(203,117,'2025-03-30',1,'B'),
(267,106,'2025-03-29',1,'B'),
(262,107,'2025-05-17',0,'A'),
(246,106,'2025-11-19',1,'A'),
(210,119,'2025-12-25',1,'O'),
(253,109,'2025-10-17',0,'A'),
(247,113,'2025-12-19',1,'C'),
(210,111,'2025-05-30',1,'O'),
(294,101,'2025-08-10',1,'O'),
(286,110,'2025-02-16',1,'O'),
(277,106,'2025-12-31',1,'A'),
(240,111,'2025-11-06',0,'A'),
(224,102,'2025-01-14',1,'O'),
(267,118,'2025-10-15',0,'B'),
(232,117,'2025-06-17',0,'B'),
(270,110,'2025-06-09',0,'O'),
(253,111,'2025-04-29',1,'C'),
(208,119,'2025-04-22',0,'A'),
(239,106,'2025-05-14',1,'B'),
(252,120,'2025-03-17',1,'O'),
(237,111,'2025-05-27',0,'C'),
(240,109,'2025-07-30',0,'B'),
(256,112,'2025-09-14',1,'A'),
(249,103,'2025-10-12',0,'O'),
(274,101,'2025-09-23',0,'O'),
(218,118,'2025-05-24',0,'B'),
(262,101,'2025-08-08',1,'B'),
(219,120,'2025-03-03',0,'B'),
(255,116,'2025-03-22',0,'O'),
(250,104,'2025-12-25',1,'O'),
(294,117,'2025-11-21',1,'B'),
(260,114,'2025-05-12',1,'B'),
(214,119,'2025-09-18',1,'B'),
(254,115,'2025-01-14',0,'A'),
(270,105,'2025-03-13',1,'C'),
(252,115,'2025-03-21',1,'C'),
(251,119,'2025-05-16',1,'B'),
(271,117,'2025-10-13',1,'A'),
(284,110,'2025-02-03',1,'O'),
(235,119,'2025-06-07',1,'O'),
(266,103,'2025-03-31',0,'A'),
(208,119,'2025-09-08',1,'A'),
(289,108,'2025-01-27',0,'C'),
(254,113,'2025-05-13',0,'A'),
(281,115,'2025-10-22',0,'A'),
(259,111,'2025-11-24',1,'O'),
(235,119,'2025-01-24',1,'B'),
(296,120,'2025-05-22',0,'B'),
(282,115,'2025-09-06',1,'C'),
(280,113,'2025-08-21',0,'A'),
(234,120,'2025-12-04',1,'O'),
(219,119,'2025-03-08',1,'O'),
(285,104,'2025-03-24',0,'A'),
(202,120,'2025-12-26',0,'O'),
(212,115,'2025-09-21',1,'C'),
(211,108,'2025-08-04',0,'C'),
(234,107,'2025-10-25',1,'O'),
(230,104,'2025-07-03',1,'O'),
(229,109,'2025-03-03',1,'B'),
(245,118,'2025-12-30',1,'A'),
(219,105,'2025-10-25',1,'B'),
(269,109,'2025-09-18',1,'B'),
(238,113,'2025-07-16',1,'B'),
(282,120,'2025-03-07',1,'O'),
(202,110,'2025-02-26',0,'O'),
(249,107,'2025-11-28',0,'O'),
(251,108,'2025-06-23',1,'O'),
(278,107,'2025-04-06',1,'B'),
(241,115,'2025-01-31',0,'O'),
(296,107,'2025-02-05',1,'B'),
(229,112,'2025-12-07',0,'O'),
(276,104,'2025-09-09',0,'B'),
(269,118,'2025-04-04',0,'C'),
(263,103,'2025-02-16',1,'C'),
(280,114,'2025-06-19',0,'O'),
(227,104,'2025-02-26',1,'C'),
(277,118,'2025-05-31',1,'O'),
(246,104,'2025-03-10',0,'B'),
(240,114,'2025-07-22',0,'B'),
(278,113,'2025-04-20',0,'C'),
(240,109,'2025-06-02',0,'A'),
(275,115,'2025-09-05',1,'C'),
(280,107,'2025-08-02',1,'O'),
(244,117,'2025-12-11',0,'A'),
(273,114,'2025-11-13',0,'B'),
(245,109,'2025-10-31',0,'C'),
(232,108,'2025-06-16',0,'C'),
(245,117,'2025-12-24',0,'A'),
(201,115,'2025-12-30',0,'A'),
(291,119,'2025-03-13',0,'C'),
(237,113,'2025-08-28',1,'O'),
(234,117,'2025-09-28',0,'O'),
(223,112,'2025-10-01',1,'C'),
(286,115,'2025-06-24',0,'C'),
(235,105,'2025-11-23',0,'O'),
(222,111,'2025-07-28',0,'C'),
(207,119,'2025-01-25',1,'B'),
(290,115,'2025-03-15',0,'C'),
(220,117,'2025-07-05',1,'B'),
(234,114,'2025-09-14',0,'A'),
(242,109,'2025-12-04',0,'C'),
(258,106,'2025-06-28',0,'B'),
(255,115,'2025-08-08',0,'B'),
(263,113,'2025-10-04',0,'A'),
(239,119,'2025-12-05',0,'C'),
(292,112,'2025-02-28',0,'O'),
(208,108,'2025-10-24',1,'A'),
(249,120,'2025-07-22',0,'C'),
(273,117,'2025-02-28',0,'O'),
(272,118,'2025-07-18',1,'A'),
(231,108,'2025-07-14',0,'C'),
(285,114,'2025-01-19',1,'C'),
(212,112,'2025-08-20',0,'C'),
(252,109,'2025-03-21',1,'O'),
(218,103,'2025-09-27',1,'O'),
(216,113,'2025-03-26',1,'O'),
(293,101,'2025-11-29',1,'A'),
(291,110,'2025-09-25',1,'O'),
(206,115,'2025-11-29',0,'A'),
(287,110,'2025-03-07',0,'B'),
(261,111,'2025-08-06',0,'B'),
(216,107,'2025-08-26',1,'O'),
(247,119,'2025-09-03',0,'B'),
(241,119,'2025-10-30',1,'O'),
(277,114,'2025-04-19',1,'C'),
(228,120,'2025-01-29',0,'O'),
(249,114,'2025-04-19',0,'C'),
(225,109,'2025-09-04',1,'C'),
(287,117,'2025-04-30',0,'A'),
(298,114,'2025-01-01',1,'O'),
(241,102,'2025-06-19',1,'B'),
(236,107,'2025-10-21',0,'C'),
(285,103,'2025-12-08',0,'C'),
(230,114,'2025-04-14',0,'O'),
(258,102,'2025-04-08',0,'C')
go

SELECT * FROM EnrollmentMaster
GO

-- 1.	List the course wise total no. of Students enrolled. 
--      Provide the information only for students of foreign origin and only if the total exceeds 10.
SELECT COURSENAME, Origin, COUNT(*) AS TOTALSTUDENTS
FROM CourseMaster CM
JOIN
EnrollmentMaster EM
ON CM.CID = EM.CID
JOIN StudentMaster SM
ON EM.SID = SM.SID
WHERE Origin = 'F'
GROUP BY CourseName,Origin
HAVING COUNT(*) > 10
go

-- 2.	List the names of the Students who have not enrolled for Artificial Intelligence Overview course.
SELECT STUDENTNAME 
FROM StudentMaster
WHERE SID not in
		(
			SELECT SID FROM EnrollmentMaster WHERE CID <> 120
			)
go

-- 3.	List the name of the advanced course where the enrollment by foreign students is the highest.	
SELECT TOP 1 CourseName,COUNT(*) AS NOOFENROLL FROM CourseMaster CM
	JOIN EnrollmentMaster EM ON EM.CID = CM.CID
	JOIN StudentMaster SM ON SM.SID = EM.SID
WHERE Category = 'A' AND Origin = 'F'
GROUP BY CourseName
ORDER BY NOOFENROLL DESC
GO

-- 4.	List the names of the students who have enrolled for at least one basic course in the current month.
SELECT DISTINCT StudentName 
FROM StudentMaster SM
	JOIN EnrollmentMaster EM ON SM.SID = EM.SID
	JOIN CourseMaster CM ON CM.CID = EM.CID
WHERE Category = 'A' AND DATEDIFF(MM,DOE,GETDATE()) = 0
go

-- 5.	List the names of the Undergraduate, local students who have got a “C” grade in any basic course.
SELECT DISTINCT StudentName
FROM StudentMaster SM
	JOIN EnrollmentMaster EM ON SM.SID = EM.SID
	JOIN CourseMaster CM ON CM.CID = EM.CID
WHERE Type = 'U' 
	AND Origin = 'L' 
	AND Grade = 'C' 
	AND Category = 'B'
go

-- 6.	List the names of the courses for which no student has enrolled in the month of May 2025.
SELECT COURSENAME FROM CourseMaster
WHERE CID NOT IN
	(
	SELECT CM.CID
	FROM StudentMaster SM
		JOIN EnrollmentMaster EM ON SM.SID = EM.SID
		JOIN CourseMaster CM ON CM.CID = EM.CID
		where MONTH(DOE) = 5 AND YEAR(DOE) = 2025
	)
go

SELECT cm.CourseName
FROM CourseMaster cm
LEFT JOIN EnrollmentMaster e
    ON cm.CID = e.CID
    AND YEAR(e.DOE) = 2025
    AND MONTH(e.DOE) = 5
WHERE e.CID IS NULL
GO

-- 7.	List name, Number of Enrollments and Popularity for all Courses. 
--      Popularity has to be displayed as “High” if number of enrollments is higher than 50,  “Medium” if greater than or equal to 20 and less than 50, and “Low” if the no.  Is less than 20.
SELECT CourseName, 
		COUNT(*) AS NOOFENROLS,
		CASE
			WHEN COUNT(*) > 55 THEN 'HIGH'
			WHEN COUNT(*) >= 45 AND COUNT(*) <= 55 THEN 'MEDIUM'
			ELSE
			'LOW'
		END AS POPULARITY
FROM CourseMaster cm
LEFT JOIN EnrollmentMaster e
    ON cm.CID = e.CID
GROUP BY CourseName
ORDER BY NOOFENROLS DESC
GO

-- 8.	List the most recent enrollment details with information on Student Name, Course name and age of enrollment in days.
SELECT TOP 1 StudentName, CourseName, DATEDIFF(DD,DOE,'2025-12-31') AS NOOFDAYS
FROM StudentMaster SM
	JOIN EnrollmentMaster EM ON SM.SID = EM.SID
	JOIN CourseMaster CM ON CM.CID = EM.CID
ORDER BY NOOFDAYS ASC
GO

-- 9.	List the names of the Local students who have enrolled for exactly 3 basic courses. 
SELECT StudentName, COUNT(*) AS NOOFCOURSES FROM CourseMaster CM
JOIN
EnrollmentMaster EM
ON CM.CID = EM.CID
JOIN
StudentMaster SM
ON EM.SID = SM.SID
WHERE Origin = 'L' and Category = 'B'
GROUP BY StudentName
HAVING COUNT(*) = 3
GO

-- 10.	List the names of the Courses enrolled by all (every) students.
SELECT CourseName, COUNT(*) AS NOOFCOURSES FROM CourseMaster CM
JOIN
EnrollmentMaster EM
ON CM.CID = EM.CID
JOIN
StudentMaster SM
ON EM.SID = SM.SID
GROUP BY CourseName
having COUNT(*) = (select COUNT(*) from StudentMaster)/2
go

-- 11.	For those enrollments for which fee have been waived, provide the names of students who have got ‘O’ grade.
SELECT DISTINCT StudentName FROM
	(
		Select * from EnrollmentMaster
		where FWF = 1 and Grade = 'O'
	) S
join
StudentMaster sm
on S.sid = sm.sid
GO

Select * from StudentMaster
Select * from CourseMaster
go

-- 12.	List the names of the foreign, undergraduate students who have got grade ‘C’ in any basic course.
SELECT StudentName FROM CourseMaster CM
JOIN
EnrollmentMaster EM
ON CM.CID = EM.CID
JOIN
StudentMaster SM
ON EM.SID = SM.SID
where Origin = 'F' and Type = 'U' and Grade = 'C' and Category = 'B'
GO

-- 13.	List the course name, total no. of enrollments in the current month.
SELECT *
FROM CourseMaster CM
LEFT JOIN
EnrollmentMaster EM
ON CM.CID = EM.CID
WHERE DATEDIFF(MM,DOE,GETDATE())= 0
GROUP BY CourseName
GO

-- Using derived table
SELECT COURSENAME, COUNT(*) AS NOOFENROLLMENTS
FROM
(
SELECT * FROM EnrollmentMaster
WHERE DATEDIFF(MM,DOE,GETDATE())= 0
) K
JOIN
CourseMaster CM
ON CM.CID = K.CID
GROUP BY COURSENAME
GO

-- using CTE
With Currentmonth_enrollments as (
SELECT * FROM EnrollmentMaster
WHERE DATEDIFF(MM,DOE,GETDATE())= 0
)
Select coursename, COUNT(*) as Noofenrollments 
from CourseMaster cm
join
Currentmonth_enrollments as ct on (ct.CID = cm.CID)
group by CourseName
go
