CREATE DATABASE SUPPLIER
GO

USE SUPPLIER
GO

CREATE TABLE SupplierMaster
(
	SID		Integer			Primary Key,
	NAME	Varchar (40)	NOT NULL,
	CITY	Char(6)			NOT NULL,
	GRADE	Tinyint			NOT NULL check (GRADE in (1,2,3,4))
)
go

ALTER TABLE SupplierMaster
ALTER COLUMN CITY CHAR(10)
GO


TRUNCATE TABLE SupplierMaster
GO

INSERT INTO SupplierMaster (SID, NAME, CITY, GRADE) VALUES (101, 'Aarav Mehta', 'Delhi', 1)
INSERT INTO SupplierMaster (SID, NAME, CITY, GRADE) VALUES (102, 'Priya Nair', 'Kochi', 2)
INSERT INTO SupplierMaster (SID, NAME, CITY, GRADE) VALUES (103, 'Rohan Sharma', 'Mumbai', 3)
INSERT INTO SupplierMaster (SID, NAME, CITY, GRADE) VALUES (104, 'Sneha Rao', 'Chennai', 2)
INSERT INTO SupplierMaster (SID, NAME, CITY, GRADE) VALUES (105, 'Vikram Patel', 'Surat', 4)
INSERT INTO SupplierMaster (SID, NAME, CITY, GRADE) VALUES (106, 'Ananya Das', 'Kolkta', 1)
INSERT INTO SupplierMaster (SID, NAME, CITY, GRADE) VALUES (107, 'Manish Yadav', 'Jaipur', 3)
INSERT INTO SupplierMaster (SID, NAME, CITY, GRADE) VALUES (108, 'Neha Gupta', 'Delhi', 2)
INSERT INTO SupplierMaster (SID, NAME, CITY, GRADE) VALUES (109, 'Arjun Reddy', 'Hydrb', 1)
INSERT INTO SupplierMaster (SID, NAME, CITY, GRADE) VALUES (110, 'Kiran Kumar', 'Vizag', 4)
INSERT INTO SupplierMaster (SID, NAME, CITY, GRADE) VALUES (111, 'Divya Menon', 'Kochi', 2)
INSERT INTO SupplierMaster (SID, NAME, CITY, GRADE) VALUES (112, 'Sandeep Singh', 'Ludhna', 3)
INSERT INTO SupplierMaster (SID, NAME, CITY, GRADE) VALUES (113, 'Isha Verma', 'Delhi', 1)
INSERT INTO SupplierMaster (SID, NAME, CITY, GRADE) VALUES (114, 'Rahul Roy', 'Patna', 4)
INSERT INTO SupplierMaster (SID, NAME, CITY, GRADE) VALUES (115, 'Meera Joshi', 'Pune', 3)
INSERT INTO SupplierMaster (SID, NAME, CITY, GRADE) VALUES (116, 'Deepak Mishra', 'Kanpur', 2)
INSERT INTO SupplierMaster (SID, NAME, CITY, GRADE) VALUES (117, 'Aditi Sen', 'Kolkta', 1)
INSERT INTO SupplierMaster (SID, NAME, CITY, GRADE) VALUES (118, 'Ravi Kumar', 'Chennai', 4)
INSERT INTO SupplierMaster (SID, NAME, CITY, GRADE) VALUES (119, 'Pooja Jain', 'Indore', 3)
INSERT INTO SupplierMaster (SID, NAME, CITY, GRADE) VALUES (120, 'Nikhil Bhat', 'Bengl', 2)
GO

SELECT * FROM SupplierMaster
GO

CREATE TABLE PartMaster
(
	PID			TinyInt			Primary Key,
	NAME		Varchar(40)		NOT NULL,
	PRICE		Money			NOT NULL,
	CATEGORY	Tinyint			NOT NULL check (CATEGORY in (1,2,3)),
	QTYONHAND	Integer			NULL
)
go

INSERT INTO PartMaster (PID, NAME, PRICE, CATEGORY, QTYONHAND) VALUES (1, 'Steel Bolt M6', 12.50, 1, 540)
INSERT INTO PartMaster (PID, NAME, PRICE, CATEGORY, QTYONHAND) VALUES (2, 'Steel Nut M6', 8.25, 1, 620)
INSERT INTO PartMaster (PID, NAME, PRICE, CATEGORY, QTYONHAND) VALUES (3, 'Aluminum Sheet 1mm', 150.00, 2, 120)
INSERT INTO PartMaster (PID, NAME, PRICE, CATEGORY, QTYONHAND) VALUES (4, 'Copper Wire Roll 10m', 95.75, 2, 200)
INSERT INTO PartMaster (PID, NAME, PRICE, CATEGORY, QTYONHAND) VALUES (5, 'Rubber Gasket Small', 25.00, 3, 300)
INSERT INTO PartMaster (PID, NAME, PRICE, CATEGORY, QTYONHAND) VALUES (6, 'Plastic Washer', 5.00, 3, 800)
INSERT INTO PartMaster (PID, NAME, PRICE, CATEGORY, QTYONHAND) VALUES (7, 'Iron Rod 10mm', 210.00, 1, 90)
INSERT INTO PartMaster (PID, NAME, PRICE, CATEGORY, QTYONHAND) VALUES (8, 'Screw M4 SS', 9.50, 1, 700)
INSERT INTO PartMaster (PID, NAME, PRICE, CATEGORY, QTYONHAND) VALUES (9, 'Nylon Rope 20m', 65.00, 3, 110)
INSERT INTO PartMaster (PID, NAME, PRICE, CATEGORY, QTYONHAND) VALUES (10, 'Brass Fitting 1/2 inch', 180.00, 2, 75)
INSERT INTO PartMaster (PID, NAME, PRICE, CATEGORY, QTYONHAND) VALUES (11, 'Aluminum Angle Bar', 225.00, 2, 45)
INSERT INTO PartMaster (PID, NAME, PRICE, CATEGORY, QTYONHAND) VALUES (12, 'Copper Tube 2m', 130.00, 2, 150)
INSERT INTO PartMaster (PID, NAME, PRICE, CATEGORY, QTYONHAND) VALUES (13, 'Iron Plate 5mm', 275.00, 1, 60)
INSERT INTO PartMaster (PID, NAME, PRICE, CATEGORY, QTYONHAND) VALUES (14, 'Steel Washer Large', 6.75, 1, 900)
INSERT INTO PartMaster (PID, NAME, PRICE, CATEGORY, QTYONHAND) VALUES (15, 'Plastic Cap', 3.50, 3, 1000)
INSERT INTO PartMaster (PID, NAME, PRICE, CATEGORY, QTYONHAND) VALUES (16, 'Rubber Seal Ring', 18.00, 3, 400)
INSERT INTO PartMaster (PID, NAME, PRICE, CATEGORY, QTYONHAND) VALUES (17, 'Brass Nut 3/4 inch', 155.00, 2, 180)
INSERT INTO PartMaster (PID, NAME, PRICE, CATEGORY, QTYONHAND) VALUES (18, 'Steel Rod 6mm', 120.00, 1, 250)
INSERT INTO PartMaster (PID, NAME, PRICE, CATEGORY, QTYONHAND) VALUES (19, 'Iron Nail 2 inch', 1.25, 1, 2000)
INSERT INTO PartMaster (PID, NAME, PRICE, CATEGORY, QTYONHAND) VALUES (20, 'Rubber Pad Medium', 22.50, 3, 380)
INSERT INTO PartMaster (PID, NAME, PRICE, CATEGORY, QTYONHAND) VALUES (21, 'Plastic Tube 1m', 15.00, 3, 420)
INSERT INTO PartMaster (PID, NAME, PRICE, CATEGORY, QTYONHAND) VALUES (22, 'Brass Bolt 1 inch', 98.50, 2, 240)
INSERT INTO PartMaster (PID, NAME, PRICE, CATEGORY, QTYONHAND) VALUES (23, 'Aluminum Coil 5kg', 480.00, 2, 55)
INSERT INTO PartMaster (PID, NAME, PRICE, CATEGORY, QTYONHAND) VALUES (24, 'Steel Plate 10mm', 330.00, 1, 80)
INSERT INTO PartMaster (PID, NAME, PRICE, CATEGORY, QTYONHAND) VALUES (25, 'Iron Clamp Small', 40.00, 1, 350)
INSERT INTO PartMaster (PID, NAME, PRICE, CATEGORY, QTYONHAND) VALUES (26, 'Rubber Stopper', 14.00, 3, 260)
INSERT INTO PartMaster (PID, NAME, PRICE, CATEGORY, QTYONHAND) VALUES (27, 'Plastic Connector', 11.00, 3, 480)
INSERT INTO PartMaster (PID, NAME, PRICE, CATEGORY, QTYONHAND) VALUES (28, 'Steel Bracket', 55.00, 1, 140)
INSERT INTO PartMaster (PID, NAME, PRICE, CATEGORY, QTYONHAND) VALUES (29, 'Brass Washer', 25.00, 2, 310)
INSERT INTO PartMaster (PID, NAME, PRICE, CATEGORY, QTYONHAND) VALUES (30, 'Copper Plate Thin', 270.00, 2, 95)
INSERT INTO PartMaster (PID, NAME, PRICE, CATEGORY, QTYONHAND) VALUES (31, 'Iron Screw 3 inch', 4.50, 1, 1200)
INSERT INTO PartMaster (PID, NAME, PRICE, CATEGORY, QTYONHAND) VALUES (32, 'Plastic Clip', 2.25, 3, 1600)
INSERT INTO PartMaster (PID, NAME, PRICE, CATEGORY, QTYONHAND) VALUES (33, 'Rubber Washer Large', 9.75, 3, 700)
INSERT INTO PartMaster (PID, NAME, PRICE, CATEGORY, QTYONHAND) VALUES (34, 'Steel Wire Roll 25m', 135.00, 1, 210)
INSERT INTO PartMaster (PID, NAME, PRICE, CATEGORY, QTYONHAND) VALUES (35, 'Aluminum Block 5x5', 320.00, 2, 60)
INSERT INTO PartMaster (PID, NAME, PRICE, CATEGORY, QTYONHAND) VALUES (36, 'Copper Joint Small', 175.00, 2, 130)
INSERT INTO PartMaster (PID, NAME, PRICE, CATEGORY, QTYONHAND) VALUES (37, 'Iron Bracket Heavy', 85.00, 1, 90)
INSERT INTO PartMaster (PID, NAME, PRICE, CATEGORY, QTYONHAND) VALUES (38, 'Rubber Belt', 65.00, 3, 150)
INSERT INTO PartMaster (PID, NAME, PRICE, CATEGORY, QTYONHAND) VALUES (39, 'Plastic Plug', 4.75, 3, 970)
INSERT INTO PartMaster (PID, NAME, PRICE, CATEGORY, QTYONHAND) VALUES (40, 'Brass Pipe Fitting', 250.00, 2, 100)
INSERT INTO PartMaster (PID, NAME, PRICE, CATEGORY, QTYONHAND) VALUES (41, 'Steel Chain 5m', 190.00, 1, 85)
INSERT INTO PartMaster (PID, NAME, PRICE, CATEGORY, QTYONHAND) VALUES (42, 'Iron Wire 1kg', 140.00, 1, 190)
INSERT INTO PartMaster (PID, NAME, PRICE, CATEGORY, QTYONHAND) VALUES (43, 'Rubber Mat Large', 95.00, 3, 230)
INSERT INTO PartMaster (PID, NAME, PRICE, CATEGORY, QTYONHAND) VALUES (44, 'Plastic Cover', 8.50, 3, 820)
INSERT INTO PartMaster (PID, NAME, PRICE, CATEGORY, QTYONHAND) VALUES (45, 'Brass Plate 2mm', 310.00, 2, 70)
INSERT INTO PartMaster (PID, NAME, PRICE, CATEGORY, QTYONHAND) VALUES (46, 'Aluminum Frame', 400.00, 2, 45)
INSERT INTO PartMaster (PID, NAME, PRICE, CATEGORY, QTYONHAND) VALUES (47, 'Steel Spring', 75.00, 1, 220)
INSERT INTO PartMaster (PID, NAME, PRICE, CATEGORY, QTYONHAND) VALUES (48, 'Iron Mesh Roll', 260.00, 1, 65)
INSERT INTO PartMaster (PID, NAME, PRICE, CATEGORY, QTYONHAND) VALUES (49, 'Rubber O-Ring', 7.50, 3, 510)
INSERT INTO PartMaster (PID, NAME, PRICE, CATEGORY, QTYONHAND) VALUES (50, 'Plastic Container Small', 22.00, 3, 300)
GO

SELECT * FROM PartMaster
GO


CREATE TABLE SupplyDetails
(
	PID				TinyInt			Foreign Key REFERENCES PartMaster(PID),
	SID				Integer			Foreign Key REFERENCES SupplierMaster(SID),
	DATEOFSUPPLY	DateTime		NOT NULL,
	CITY			Varchar(40)		NOT NULL,
	QTYSUPPLIED		Integer			NOT NULL
)
go

INSERT INTO SupplyDetails (PID, SID, DATEOFSUPPLY, CITY, QTYSUPPLIED) VALUES (44, 119, '2024-10-30', 'Mumbai', 186)
INSERT INTO SupplyDetails (PID, SID, DATEOFSUPPLY, CITY, QTYSUPPLIED) VALUES (31, 102, '2024-08-02', 'Bengaluru', 333)
INSERT INTO SupplyDetails (PID, SID, DATEOFSUPPLY, CITY, QTYSUPPLIED) VALUES (21, 109, '2023-12-28', 'Kochi', 370)
INSERT INTO SupplyDetails (PID, SID, DATEOFSUPPLY, CITY, QTYSUPPLIED) VALUES (7, 109, '2023-11-10', 'Bengaluru', 42)
INSERT INTO SupplyDetails (PID, SID, DATEOFSUPPLY, CITY, QTYSUPPLIED) VALUES (11, 112, '2023-02-16', 'Pune', 1)
INSERT INTO SupplyDetails (PID, SID, DATEOFSUPPLY, CITY, QTYSUPPLIED) VALUES (45, 109, '2024-04-27', 'Jaipur', 15)
INSERT INTO SupplyDetails (PID, SID, DATEOFSUPPLY, CITY, QTYSUPPLIED) VALUES (27, 105, '2023-11-25', 'Hyderabad', 62)
INSERT INTO SupplyDetails (PID, SID, DATEOFSUPPLY, CITY, QTYSUPPLIED) VALUES (13, 106, '2025-06-16', 'Mumbai', 28)
INSERT INTO SupplyDetails (PID, SID, DATEOFSUPPLY, CITY, QTYSUPPLIED) VALUES (5, 108, '2025-06-22', 'Mumbai', 121)
INSERT INTO SupplyDetails (PID, SID, DATEOFSUPPLY, CITY, QTYSUPPLIED) VALUES (12, 116, '2023-10-07', 'Pune', 7)
INSERT INTO SupplyDetails (PID, SID, DATEOFSUPPLY, CITY, QTYSUPPLIED) VALUES (36, 105, '2023-08-03', 'Chennai', 114)
INSERT INTO SupplyDetails (PID, SID, DATEOFSUPPLY, CITY, QTYSUPPLIED) VALUES (24, 119, '2023-05-03', 'Delhi', 21)
INSERT INTO SupplyDetails (PID, SID, DATEOFSUPPLY, CITY, QTYSUPPLIED) VALUES (42, 101, '2023-11-28', 'Delhi', 61)
INSERT INTO SupplyDetails (PID, SID, DATEOFSUPPLY, CITY, QTYSUPPLIED) VALUES (15, 103, '2024-07-04', 'Jaipur', 527)
INSERT INTO SupplyDetails (PID, SID, DATEOFSUPPLY, CITY, QTYSUPPLIED) VALUES (40, 104, '2023-01-17', 'Indore', 10)
INSERT INTO SupplyDetails (PID, SID, DATEOFSUPPLY, CITY, QTYSUPPLIED) VALUES (17, 102, '2024-06-09', 'Hyderabad', 121)
INSERT INTO SupplyDetails (PID, SID, DATEOFSUPPLY, CITY, QTYSUPPLIED) VALUES (48, 101, '2023-02-10', 'Chennai', 51)
INSERT INTO SupplyDetails (PID, SID, DATEOFSUPPLY, CITY, QTYSUPPLIED) VALUES (42, 103, '2025-05-09', 'Mumbai', 73)
INSERT INTO SupplyDetails (PID, SID, DATEOFSUPPLY, CITY, QTYSUPPLIED) VALUES (44, 113, '2023-08-18', 'Jaipur', 730)
INSERT INTO SupplyDetails (PID, SID, DATEOFSUPPLY, CITY, QTYSUPPLIED) VALUES (49, 119, '2025-07-19', 'Kochi', 342)
INSERT INTO SupplyDetails (PID, SID, DATEOFSUPPLY, CITY, QTYSUPPLIED) VALUES (15, 109, '2025-02-20', 'Mumbai', 292)
INSERT INTO SupplyDetails (PID, SID, DATEOFSUPPLY, CITY, QTYSUPPLIED) VALUES (36, 117, '2023-09-25', 'Kochi', 73)
INSERT INTO SupplyDetails (PID, SID, DATEOFSUPPLY, CITY, QTYSUPPLIED) VALUES (36, 114, '2023-08-05', 'Jaipur', 94)
INSERT INTO SupplyDetails (PID, SID, DATEOFSUPPLY, CITY, QTYSUPPLIED) VALUES (28, 101, '2024-12-23', 'Pune', 15)
INSERT INTO SupplyDetails (PID, SID, DATEOFSUPPLY, CITY, QTYSUPPLIED) VALUES (38, 115, '2024-06-21', 'Kolkata', 106)
INSERT INTO SupplyDetails (PID, SID, DATEOFSUPPLY, CITY, QTYSUPPLIED) VALUES (17, 119, '2024-07-14', 'Kolkata', 175)
INSERT INTO SupplyDetails (PID, SID, DATEOFSUPPLY, CITY, QTYSUPPLIED) VALUES (16, 115, '2023-01-27', 'Chennai', 54)
INSERT INTO SupplyDetails (PID, SID, DATEOFSUPPLY, CITY, QTYSUPPLIED) VALUES (29, 115, '2024-08-29', 'Chennai', 291)
INSERT INTO SupplyDetails (PID, SID, DATEOFSUPPLY, CITY, QTYSUPPLIED) VALUES (12, 117, '2024-02-10', 'Indore', 100)
INSERT INTO SupplyDetails (PID, SID, DATEOFSUPPLY, CITY, QTYSUPPLIED) VALUES (49, 113, '2024-07-10', 'Pune', 365)
INSERT INTO SupplyDetails (PID, SID, DATEOFSUPPLY, CITY, QTYSUPPLIED) VALUES (17, 109, '2023-07-14', 'Delhi', 52)
INSERT INTO SupplyDetails (PID, SID, DATEOFSUPPLY, CITY, QTYSUPPLIED) VALUES (31, 104, '2023-10-04', 'Delhi', 711)
INSERT INTO SupplyDetails (PID, SID, DATEOFSUPPLY, CITY, QTYSUPPLIED) VALUES (23, 119, '2024-09-26', 'Jaipur', 47)
INSERT INTO SupplyDetails (PID, SID, DATEOFSUPPLY, CITY, QTYSUPPLIED) VALUES (10, 103, '2024-02-15', 'Jaipur', 66)
INSERT INTO SupplyDetails (PID, SID, DATEOFSUPPLY, CITY, QTYSUPPLIED) VALUES (23, 107, '2025-09-17', 'Bengaluru', 37)
INSERT INTO SupplyDetails (PID, SID, DATEOFSUPPLY, CITY, QTYSUPPLIED) VALUES (7, 120, '2025-01-11', 'Kolkata', 8)
INSERT INTO SupplyDetails (PID, SID, DATEOFSUPPLY, CITY, QTYSUPPLIED) VALUES (30, 106, '2023-03-30', 'Pune', 15)
INSERT INTO SupplyDetails (PID, SID, DATEOFSUPPLY, CITY, QTYSUPPLIED) VALUES (30, 106, '2023-11-17', 'Delhi', 65)
INSERT INTO SupplyDetails (PID, SID, DATEOFSUPPLY, CITY, QTYSUPPLIED) VALUES (37, 108, '2023-01-02', 'Indore', 42)
INSERT INTO SupplyDetails (PID, SID, DATEOFSUPPLY, CITY, QTYSUPPLIED) VALUES (43, 101, '2024-05-26', 'Indore', 6)
INSERT INTO SupplyDetails (PID, SID, DATEOFSUPPLY, CITY, QTYSUPPLIED) VALUES (18, 114, '2023-03-26', 'Delhi', 12)
INSERT INTO SupplyDetails (PID, SID, DATEOFSUPPLY, CITY, QTYSUPPLIED) VALUES (37, 112, '2024-05-27', 'Hyderabad', 52)
INSERT INTO SupplyDetails (PID, SID, DATEOFSUPPLY, CITY, QTYSUPPLIED) VALUES (48, 104, '2025-02-22', 'Mumbai', 1)
INSERT INTO SupplyDetails (PID, SID, DATEOFSUPPLY, CITY, QTYSUPPLIED) VALUES (11, 105, '2025-05-01', 'Kochi', 40)
INSERT INTO SupplyDetails (PID, SID, DATEOFSUPPLY, CITY, QTYSUPPLIED) VALUES (25, 105, '2023-01-10', 'Delhi', 99)
INSERT INTO SupplyDetails (PID, SID, DATEOFSUPPLY, CITY, QTYSUPPLIED) VALUES (3, 108, '2024-03-26', 'Kolkata', 35)
INSERT INTO SupplyDetails (PID, SID, DATEOFSUPPLY, CITY, QTYSUPPLIED) VALUES (24, 119, '2024-04-24', 'Mumbai', 31)
INSERT INTO SupplyDetails (PID, SID, DATEOFSUPPLY, CITY, QTYSUPPLIED) VALUES (23, 114, '2023-05-13', 'Pune', 11)
INSERT INTO SupplyDetails (PID, SID, DATEOFSUPPLY, CITY, QTYSUPPLIED) VALUES (20, 116, '2023-06-20', 'Jaipur', 294)
INSERT INTO SupplyDetails (PID, SID, DATEOFSUPPLY, CITY, QTYSUPPLIED) VALUES (37, 105, '2025-07-13', 'Bengaluru', 38)
INSERT INTO SupplyDetails (PID, SID, DATEOFSUPPLY, CITY, QTYSUPPLIED) VALUES (6, 103, '2025-04-13', 'Mumbai', 43)
INSERT INTO SupplyDetails (PID, SID, DATEOFSUPPLY, CITY, QTYSUPPLIED) VALUES (35, 120, '2023-02-12', 'Kochi', 57)
INSERT INTO SupplyDetails (PID, SID, DATEOFSUPPLY, CITY, QTYSUPPLIED) VALUES (20, 118, '2025-09-16', 'Pune', 28)
INSERT INTO SupplyDetails (PID, SID, DATEOFSUPPLY, CITY, QTYSUPPLIED) VALUES (18, 112, '2024-11-29', 'Delhi', 181)
INSERT INTO SupplyDetails (PID, SID, DATEOFSUPPLY, CITY, QTYSUPPLIED) VALUES (20, 114, '2024-02-05', 'Chennai', 309)
INSERT INTO SupplyDetails (PID, SID, DATEOFSUPPLY, CITY, QTYSUPPLIED) VALUES (5, 117, '2023-09-25', 'Mumbai', 269)
INSERT INTO SupplyDetails (PID, SID, DATEOFSUPPLY, CITY, QTYSUPPLIED) VALUES (2, 115, '2023-03-30', 'Chennai', 37)
INSERT INTO SupplyDetails (PID, SID, DATEOFSUPPLY, CITY, QTYSUPPLIED) VALUES (21, 117, '2023-01-28', 'Jaipur', 204)
INSERT INTO SupplyDetails (PID, SID, DATEOFSUPPLY, CITY, QTYSUPPLIED) VALUES (48, 102, '2023-11-13', 'Mumbai', 6)
INSERT INTO SupplyDetails (PID, SID, DATEOFSUPPLY, CITY, QTYSUPPLIED) VALUES (13, 114, '2023-02-02', 'Kochi', 39)
INSERT INTO SupplyDetails (PID, SID, DATEOFSUPPLY, CITY, QTYSUPPLIED) VALUES (42, 108, '2025-03-03', 'Pune', 15)
INSERT INTO SupplyDetails (PID, SID, DATEOFSUPPLY, CITY, QTYSUPPLIED) VALUES (34, 110, '2023-06-01', 'Pune', 131)
INSERT INTO SupplyDetails (PID, SID, DATEOFSUPPLY, CITY, QTYSUPPLIED) VALUES (13, 106, '2025-01-17', 'Indore', 49)
INSERT INTO SupplyDetails (PID, SID, DATEOFSUPPLY, CITY, QTYSUPPLIED) VALUES (41, 117, '2023-11-12', 'Kolkata', 60)
INSERT INTO SupplyDetails (PID, SID, DATEOFSUPPLY, CITY, QTYSUPPLIED) VALUES (15, 103, '2024-04-28', 'Delhi', 538)
INSERT INTO SupplyDetails (PID, SID, DATEOFSUPPLY, CITY, QTYSUPPLIED) VALUES (2, 101, '2024-03-24', 'Jaipur', 314)
INSERT INTO SupplyDetails (PID, SID, DATEOFSUPPLY, CITY, QTYSUPPLIED) VALUES (47, 114, '2024-11-28', 'Mumbai', 5)
INSERT INTO SupplyDetails (PID, SID, DATEOFSUPPLY, CITY, QTYSUPPLIED) VALUES (38, 107, '2023-08-30', 'Pune', 69)
INSERT INTO SupplyDetails (PID, SID, DATEOFSUPPLY, CITY, QTYSUPPLIED) VALUES (35, 112, '2024-08-13', 'Jaipur', 12)
INSERT INTO SupplyDetails (PID, SID, DATEOFSUPPLY, CITY, QTYSUPPLIED) VALUES (35, 120, '2025-01-09', 'Kochi', 36)
INSERT INTO SupplyDetails (PID, SID, DATEOFSUPPLY, CITY, QTYSUPPLIED) VALUES (33, 119, '2024-12-26', 'Kolkata', 459)
INSERT INTO SupplyDetails (PID, SID, DATEOFSUPPLY, CITY, QTYSUPPLIED) VALUES (46, 104, '2025-03-27', 'Bengaluru', 16)
INSERT INTO SupplyDetails (PID, SID, DATEOFSUPPLY, CITY, QTYSUPPLIED) VALUES (35, 109, '2024-12-11', 'Pune', 22)
INSERT INTO SupplyDetails (PID, SID, DATEOFSUPPLY, CITY, QTYSUPPLIED) VALUES (16, 103, '2024-05-30', 'Jaipur', 277)
INSERT INTO SupplyDetails (PID, SID, DATEOFSUPPLY, CITY, QTYSUPPLIED) VALUES (7, 118, '2023-06-28', 'Bengaluru', 82)
INSERT INTO SupplyDetails (PID, SID, DATEOFSUPPLY, CITY, QTYSUPPLIED) VALUES (41, 111, '2024-07-08', 'Delhi', 47)
INSERT INTO SupplyDetails (PID, SID, DATEOFSUPPLY, CITY, QTYSUPPLIED) VALUES (48, 108, '2023-12-19', 'Kochi', 36)
INSERT INTO SupplyDetails (PID, SID, DATEOFSUPPLY, CITY, QTYSUPPLIED) VALUES (22, 111, '2025-01-01', 'Kolkata', 163)
INSERT INTO SupplyDetails (PID, SID, DATEOFSUPPLY, CITY, QTYSUPPLIED) VALUES (18, 101, '2024-08-15', 'Mumbai', 201)
INSERT INTO SupplyDetails (PID, SID, DATEOFSUPPLY, CITY, QTYSUPPLIED) VALUES (32, 120, '2023-07-21', 'Hyderabad', 645)
INSERT INTO SupplyDetails (PID, SID, DATEOFSUPPLY, CITY, QTYSUPPLIED) VALUES (50, 118, '2023-06-24', 'Kolkata', 56)
INSERT INTO SupplyDetails (PID, SID, DATEOFSUPPLY, CITY, QTYSUPPLIED) VALUES (23, 110, '2025-05-18', 'Kochi', 20)
INSERT INTO SupplyDetails (PID, SID, DATEOFSUPPLY, CITY, QTYSUPPLIED) VALUES (32, 120, '2025-08-12', 'Jaipur', 895)
INSERT INTO SupplyDetails (PID, SID, DATEOFSUPPLY, CITY, QTYSUPPLIED) VALUES (35, 113, '2023-12-22', 'Pune', 12)
INSERT INTO SupplyDetails (PID, SID, DATEOFSUPPLY, CITY, QTYSUPPLIED) VALUES (11, 108, '2024-11-11', 'Indore', 6)
INSERT INTO SupplyDetails (PID, SID, DATEOFSUPPLY, CITY, QTYSUPPLIED) VALUES (1, 111, '2024-05-26', 'Chennai', 391)
INSERT INTO SupplyDetails (PID, SID, DATEOFSUPPLY, CITY, QTYSUPPLIED) VALUES (32, 102, '2024-09-24', 'Delhi', 1567)
INSERT INTO SupplyDetails (PID, SID, DATEOFSUPPLY, CITY, QTYSUPPLIED) VALUES (46, 103, '2024-06-15', 'Kolkata', 5)
INSERT INTO SupplyDetails (PID, SID, DATEOFSUPPLY, CITY, QTYSUPPLIED) VALUES (27, 116, '2023-08-09', 'Jaipur', 111)
INSERT INTO SupplyDetails (PID, SID, DATEOFSUPPLY, CITY, QTYSUPPLIED) VALUES (19, 108, '2025-02-03', 'Indore', 817)
INSERT INTO SupplyDetails (PID, SID, DATEOFSUPPLY, CITY, QTYSUPPLIED) VALUES (12, 116, '2024-01-14', 'Mumbai', 21)
INSERT INTO SupplyDetails (PID, SID, DATEOFSUPPLY, CITY, QTYSUPPLIED) VALUES (14, 103, '2023-04-20', 'Chennai', 489)
INSERT INTO SupplyDetails (PID, SID, DATEOFSUPPLY, CITY, QTYSUPPLIED) VALUES (34, 105, '2024-09-06', 'Kochi', 11)
INSERT INTO SupplyDetails (PID, SID, DATEOFSUPPLY, CITY, QTYSUPPLIED) VALUES (26, 118, '2023-08-09', 'Jaipur', 242)
INSERT INTO SupplyDetails (PID, SID, DATEOFSUPPLY, CITY, QTYSUPPLIED) VALUES (40, 116, '2024-01-10', 'Indore', 61)
INSERT INTO SupplyDetails (PID, SID, DATEOFSUPPLY, CITY, QTYSUPPLIED) VALUES (46, 120, '2025-05-02', 'Pune', 41)
INSERT INTO SupplyDetails (PID, SID, DATEOFSUPPLY, CITY, QTYSUPPLIED) VALUES (7, 103, '2024-04-12', 'Indore', 77)
INSERT INTO SupplyDetails (PID, SID, DATEOFSUPPLY, CITY, QTYSUPPLIED) VALUES (7, 102, '2023-09-18', 'Delhi', 22)
INSERT INTO SupplyDetails (PID, SID, DATEOFSUPPLY, CITY, QTYSUPPLIED) VALUES (31, 117, '2025-04-01', 'Indore', 873)
INSERT INTO SupplyDetails (PID, SID, DATEOFSUPPLY, CITY, QTYSUPPLIED) VALUES (32, 116, '2023-04-21', 'Bengaluru', 1302)
INSERT INTO SupplyDetails (PID, SID, DATEOFSUPPLY, CITY, QTYSUPPLIED) VALUES (44, 119, '2024-09-26', 'Jaipur', 635)
INSERT INTO SupplyDetails (PID, SID, DATEOFSUPPLY, CITY, QTYSUPPLIED) VALUES (11, 112, '2025-07-19', 'Indore', 28)
INSERT INTO SupplyDetails (PID, SID, DATEOFSUPPLY, CITY, QTYSUPPLIED) VALUES (32, 119, '2023-09-18', 'Delhi', 289)
INSERT INTO SupplyDetails (PID, SID, DATEOFSUPPLY, CITY, QTYSUPPLIED) VALUES (22, 116, '2024-08-09', 'Indore', 63)
INSERT INTO SupplyDetails (PID, SID, DATEOFSUPPLY, CITY, QTYSUPPLIED) VALUES (37, 120, '2024-07-18', 'Kolkata', 74)
INSERT INTO SupplyDetails (PID, SID, DATEOFSUPPLY, CITY, QTYSUPPLIED) VALUES (2, 115, '2023-02-08', 'Bengaluru', 314)
INSERT INTO SupplyDetails (PID, SID, DATEOFSUPPLY, CITY, QTYSUPPLIED) VALUES (42, 109, '2024-03-08', 'Bengaluru', 59)
INSERT INTO SupplyDetails (PID, SID, DATEOFSUPPLY, CITY, QTYSUPPLIED) VALUES (16, 114, '2023-04-18', 'Hyderabad', 295)
INSERT INTO SupplyDetails (PID, SID, DATEOFSUPPLY, CITY, QTYSUPPLIED) VALUES (20, 109, '2023-05-03', 'Pune', 138)
INSERT INTO SupplyDetails (PID, SID, DATEOFSUPPLY, CITY, QTYSUPPLIED) VALUES (15, 110, '2024-10-10', 'Indore', 537)
INSERT INTO SupplyDetails (PID, SID, DATEOFSUPPLY, CITY, QTYSUPPLIED) VALUES (12, 114, '2024-03-06', 'Delhi', 121)
INSERT INTO SupplyDetails (PID, SID, DATEOFSUPPLY, CITY, QTYSUPPLIED) VALUES (32, 113, '2025-07-10', 'Jaipur', 1239)
INSERT INTO SupplyDetails (PID, SID, DATEOFSUPPLY, CITY, QTYSUPPLIED) VALUES (40, 119, '2023-11-04', 'Kochi', 99)
INSERT INTO SupplyDetails (PID, SID, DATEOFSUPPLY, CITY, QTYSUPPLIED) VALUES (13, 105, '2025-05-04', 'Bengaluru', 14)
INSERT INTO SupplyDetails (PID, SID, DATEOFSUPPLY, CITY, QTYSUPPLIED) VALUES (2, 113, '2024-06-06', 'Pune', 514)
INSERT INTO SupplyDetails (PID, SID, DATEOFSUPPLY, CITY, QTYSUPPLIED) VALUES (8, 105, '2025-06-21', 'Indore', 270)
INSERT INTO SupplyDetails (PID, SID, DATEOFSUPPLY, CITY, QTYSUPPLIED) VALUES (24, 103, '2025-07-15', 'Kolkata', 29)
INSERT INTO SupplyDetails (PID, SID, DATEOFSUPPLY, CITY, QTYSUPPLIED) VALUES (31, 103, '2024-06-29', 'Pune', 732)
INSERT INTO SupplyDetails (PID, SID, DATEOFSUPPLY, CITY, QTYSUPPLIED) VALUES (39, 115, '2024-11-30', 'Hyderabad', 367)
INSERT INTO SupplyDetails (PID, SID, DATEOFSUPPLY, CITY, QTYSUPPLIED) VALUES (27, 116, '2025-02-05', 'Kochi', 145)
INSERT INTO SupplyDetails (PID, SID, DATEOFSUPPLY, CITY, QTYSUPPLIED) VALUES (45, 112, '2023-06-22', 'Delhi', 56)
INSERT INTO SupplyDetails (PID, SID, DATEOFSUPPLY, CITY, QTYSUPPLIED) VALUES (41, 108, '2025-04-19', 'Chennai', 18)
INSERT INTO SupplyDetails (PID, SID, DATEOFSUPPLY, CITY, QTYSUPPLIED) VALUES (48, 102, '2025-06-20', 'Kolkata', 61)
INSERT INTO SupplyDetails (PID, SID, DATEOFSUPPLY, CITY, QTYSUPPLIED) VALUES (25, 111, '2024-08-09', 'Delhi', 108)
INSERT INTO SupplyDetails (PID, SID, DATEOFSUPPLY, CITY, QTYSUPPLIED) VALUES (30, 113, '2024-08-10', 'Jaipur', 29)
INSERT INTO SupplyDetails (PID, SID, DATEOFSUPPLY, CITY, QTYSUPPLIED) VALUES (48, 107, '2023-04-24', 'Kochi', 27)
INSERT INTO SupplyDetails (PID, SID, DATEOFSUPPLY, CITY, QTYSUPPLIED) VALUES (21, 112, '2023-11-25', 'Chennai', 99)
INSERT INTO SupplyDetails (PID, SID, DATEOFSUPPLY, CITY, QTYSUPPLIED) VALUES (7, 117, '2025-09-20', 'Delhi', 55)
INSERT INTO SupplyDetails (PID, SID, DATEOFSUPPLY, CITY, QTYSUPPLIED) VALUES (18, 117, '2024-01-20', 'Jaipur', 209)
INSERT INTO SupplyDetails (PID, SID, DATEOFSUPPLY, CITY, QTYSUPPLIED) VALUES (35, 114, '2023-10-05', 'Mumbai', 26)
INSERT INTO SupplyDetails (PID, SID, DATEOFSUPPLY, CITY, QTYSUPPLIED) VALUES (47, 106, '2023-06-28', 'Jaipur', 148)
INSERT INTO SupplyDetails (PID, SID, DATEOFSUPPLY, CITY, QTYSUPPLIED) VALUES (11, 109, '2023-06-19', 'Delhi', 32)
INSERT INTO SupplyDetails (PID, SID, DATEOFSUPPLY, CITY, QTYSUPPLIED) VALUES (25, 109, '2024-09-01', 'Indore', 226)
INSERT INTO SupplyDetails (PID, SID, DATEOFSUPPLY, CITY, QTYSUPPLIED) VALUES (6, 119, '2024-03-20', 'Hyderabad', 569)
INSERT INTO SupplyDetails (PID, SID, DATEOFSUPPLY, CITY, QTYSUPPLIED) VALUES (35, 108, '2023-04-30', 'Bengaluru', 31)
INSERT INTO SupplyDetails (PID, SID, DATEOFSUPPLY, CITY, QTYSUPPLIED) VALUES (7, 103, '2024-08-02', 'Bengaluru', 88)
INSERT INTO SupplyDetails (PID, SID, DATEOFSUPPLY, CITY, QTYSUPPLIED) VALUES (40, 119, '2023-02-01', 'Kochi', 82)
INSERT INTO SupplyDetails (PID, SID, DATEOFSUPPLY, CITY, QTYSUPPLIED) VALUES (45, 107, '2025-03-19', 'Delhi', 28)
INSERT INTO SupplyDetails (PID, SID, DATEOFSUPPLY, CITY, QTYSUPPLIED) VALUES (41, 107, '2024-01-18', 'Mumbai', 22)
INSERT INTO SupplyDetails (PID, SID, DATEOFSUPPLY, CITY, QTYSUPPLIED) VALUES (34, 103, '2024-04-30', 'Kochi', 72)
INSERT INTO SupplyDetails (PID, SID, DATEOFSUPPLY, CITY, QTYSUPPLIED) VALUES (27, 105, '2025-09-16', 'Chennai', 398)
INSERT INTO SupplyDetails (PID, SID, DATEOFSUPPLY, CITY, QTYSUPPLIED) VALUES (15, 119, '2024-10-01', 'Jaipur', 529)
INSERT INTO SupplyDetails (PID, SID, DATEOFSUPPLY, CITY, QTYSUPPLIED) VALUES (33, 113, '2023-08-06', 'Chennai', 207)
INSERT INTO SupplyDetails (PID, SID, DATEOFSUPPLY, CITY, QTYSUPPLIED) VALUES (39, 117, '2024-04-23', 'Pune', 959)
INSERT INTO SupplyDetails (PID, SID, DATEOFSUPPLY, CITY, QTYSUPPLIED) VALUES (45, 107, '2025-09-14', 'Delhi', 26)
INSERT INTO SupplyDetails (PID, SID, DATEOFSUPPLY, CITY, QTYSUPPLIED) VALUES (32, 118, '2024-03-06', 'Jaipur', 764)
INSERT INTO SupplyDetails (PID, SID, DATEOFSUPPLY, CITY, QTYSUPPLIED) VALUES (1, 112, '2024-01-29', 'Mumbai', 65)
INSERT INTO SupplyDetails (PID, SID, DATEOFSUPPLY, CITY, QTYSUPPLIED) VALUES (33, 117, '2024-05-22', 'Delhi', 268)
INSERT INTO SupplyDetails (PID, SID, DATEOFSUPPLY, CITY, QTYSUPPLIED) VALUES (8, 109, '2024-03-24', 'Kochi', 247)
INSERT INTO SupplyDetails (PID, SID, DATEOFSUPPLY, CITY, QTYSUPPLIED) VALUES (50, 107, '2025-01-10', 'Mumbai', 119)
INSERT INTO SupplyDetails (PID, SID, DATEOFSUPPLY, CITY, QTYSUPPLIED) VALUES (34, 107, '2023-09-20', 'Chennai', 90)
INSERT INTO SupplyDetails (PID, SID, DATEOFSUPPLY, CITY, QTYSUPPLIED) VALUES (32, 102, '2023-05-24', 'Mumbai', 1533)
INSERT INTO SupplyDetails (PID, SID, DATEOFSUPPLY, CITY, QTYSUPPLIED) VALUES (26, 101, '2024-07-16', 'Delhi', 34)
INSERT INTO SupplyDetails (PID, SID, DATEOFSUPPLY, CITY, QTYSUPPLIED) VALUES (22, 112, '2025-01-17', 'Hyderabad', 114)
INSERT INTO SupplyDetails (PID, SID, DATEOFSUPPLY, CITY, QTYSUPPLIED) VALUES (4, 117, '2023-04-19', 'Pune', 39)
INSERT INTO SupplyDetails (PID, SID, DATEOFSUPPLY, CITY, QTYSUPPLIED) VALUES (35, 117, '2024-05-22', 'Delhi', 9)
INSERT INTO SupplyDetails (PID, SID, DATEOFSUPPLY, CITY, QTYSUPPLIED) VALUES (7, 115, '2023-09-12', 'Delhi', 25)
INSERT INTO SupplyDetails (PID, SID, DATEOFSUPPLY, CITY, QTYSUPPLIED) VALUES (34, 101, '2024-09-12', 'Kolkata', 202)
INSERT INTO SupplyDetails (PID, SID, DATEOFSUPPLY, CITY, QTYSUPPLIED) VALUES (29, 119, '2025-06-14', 'Hyderabad', 86)
INSERT INTO SupplyDetails (PID, SID, DATEOFSUPPLY, CITY, QTYSUPPLIED) VALUES (11, 103, '2024-06-09', 'Hyderabad', 8)
INSERT INTO SupplyDetails (PID, SID, DATEOFSUPPLY, CITY, QTYSUPPLIED) VALUES (21, 110, '2023-01-29', 'Chennai', 8)
INSERT INTO SupplyDetails (PID, SID, DATEOFSUPPLY, CITY, QTYSUPPLIED) VALUES (21, 104, '2024-02-24', 'Chennai', 90)
INSERT INTO SupplyDetails (PID, SID, DATEOFSUPPLY, CITY, QTYSUPPLIED) VALUES (2, 105, '2024-04-09', 'Bengaluru', 156)
INSERT INTO SupplyDetails (PID, SID, DATEOFSUPPLY, CITY, QTYSUPPLIED) VALUES (29, 108, '2023-12-23', 'Indore', 229)
INSERT INTO SupplyDetails (PID, SID, DATEOFSUPPLY, CITY, QTYSUPPLIED) VALUES (1, 116, '2023-03-14', 'Kochi', 148)
INSERT INTO SupplyDetails (PID, SID, DATEOFSUPPLY, CITY, QTYSUPPLIED) VALUES (29, 115, '2023-07-12', 'Kochi', 218)
INSERT INTO SupplyDetails (PID, SID, DATEOFSUPPLY, CITY, QTYSUPPLIED) VALUES (1, 113, '2024-07-13', 'Indore', 44)
INSERT INTO SupplyDetails (PID, SID, DATEOFSUPPLY, CITY, QTYSUPPLIED) VALUES (20, 109, '2023-04-15', 'Hyderabad', 290)
INSERT INTO SupplyDetails (PID, SID, DATEOFSUPPLY, CITY, QTYSUPPLIED) VALUES (9, 111, '2024-06-02', 'Hyderabad', 12)
INSERT INTO SupplyDetails (PID, SID, DATEOFSUPPLY, CITY, QTYSUPPLIED) VALUES (14, 112, '2024-12-25', 'Chennai', 658)
INSERT INTO SupplyDetails (PID, SID, DATEOFSUPPLY, CITY, QTYSUPPLIED) VALUES (17, 119, '2023-09-21', 'Kochi', 155)
INSERT INTO SupplyDetails (PID, SID, DATEOFSUPPLY, CITY, QTYSUPPLIED) VALUES (34, 120, '2024-02-07', 'Indore', 93)
INSERT INTO SupplyDetails (PID, SID, DATEOFSUPPLY, CITY, QTYSUPPLIED) VALUES (31, 109, '2025-03-31', 'Pune', 137)
INSERT INTO SupplyDetails (PID, SID, DATEOFSUPPLY, CITY, QTYSUPPLIED) VALUES (14, 105, '2023-01-28', 'Hyderabad', 772)
INSERT INTO SupplyDetails (PID, SID, DATEOFSUPPLY, CITY, QTYSUPPLIED) VALUES (16, 102, '2023-06-20', 'Indore', 170)
INSERT INTO SupplyDetails (PID, SID, DATEOFSUPPLY, CITY, QTYSUPPLIED) VALUES (16, 108, '2024-11-19', 'Hyderabad', 229)
INSERT INTO SupplyDetails (PID, SID, DATEOFSUPPLY, CITY, QTYSUPPLIED) VALUES (49, 113, '2023-08-09', 'Mumbai', 354)
INSERT INTO SupplyDetails (PID, SID, DATEOFSUPPLY, CITY, QTYSUPPLIED) VALUES (14, 105, '2024-09-16', 'Delhi', 839)
INSERT INTO SupplyDetails (PID, SID, DATEOFSUPPLY, CITY, QTYSUPPLIED) VALUES (25, 111, '2024-06-28', 'Kolkata', 254)
INSERT INTO SupplyDetails (PID, SID, DATEOFSUPPLY, CITY, QTYSUPPLIED) VALUES (26, 116, '2024-07-02', 'Pune', 208)
INSERT INTO SupplyDetails (PID, SID, DATEOFSUPPLY, CITY, QTYSUPPLIED) VALUES (16, 108, '2024-10-31', 'Hyderabad', 158)
INSERT INTO SupplyDetails (PID, SID, DATEOFSUPPLY, CITY, QTYSUPPLIED) VALUES (41, 107, '2024-06-22', 'Jaipur', 57)
INSERT INTO SupplyDetails (PID, SID, DATEOFSUPPLY, CITY, QTYSUPPLIED) VALUES (50, 104, '2023-11-17', 'Kochi', 111)
INSERT INTO SupplyDetails (PID, SID, DATEOFSUPPLY, CITY, QTYSUPPLIED) VALUES (3, 110, '2024-12-21', 'Chennai', 104)
INSERT INTO SupplyDetails (PID, SID, DATEOFSUPPLY, CITY, QTYSUPPLIED) VALUES (45, 110, '2023-03-18', 'Indore', 28)
INSERT INTO SupplyDetails (PID, SID, DATEOFSUPPLY, CITY, QTYSUPPLIED) VALUES (35, 116, '2024-06-14', 'Jaipur', 17)
INSERT INTO SupplyDetails (PID, SID, DATEOFSUPPLY, CITY, QTYSUPPLIED) VALUES (19, 114, '2024-10-11', 'Kolkata', 486)
INSERT INTO SupplyDetails (PID, SID, DATEOFSUPPLY, CITY, QTYSUPPLIED) VALUES (28, 115, '2024-08-31', 'Chennai', 137)
INSERT INTO SupplyDetails (PID, SID, DATEOFSUPPLY, CITY, QTYSUPPLIED) VALUES (49, 108, '2024-04-15', 'Pune', 503)
INSERT INTO SupplyDetails (PID, SID, DATEOFSUPPLY, CITY, QTYSUPPLIED) VALUES (8, 118, '2023-05-31', 'Jaipur', 108)
INSERT INTO SupplyDetails (PID, SID, DATEOFSUPPLY, CITY, QTYSUPPLIED) VALUES (18, 108, '2024-09-12', 'Chennai', 212)
INSERT INTO SupplyDetails (PID, SID, DATEOFSUPPLY, CITY, QTYSUPPLIED) VALUES (19, 103, '2025-05-27', 'Kochi', 1036)
INSERT INTO SupplyDetails (PID, SID, DATEOFSUPPLY, CITY, QTYSUPPLIED) VALUES (12, 103, '2024-06-19', 'Hyderabad', 80)
INSERT INTO SupplyDetails (PID, SID, DATEOFSUPPLY, CITY, QTYSUPPLIED) VALUES (40, 105, '2024-09-12', 'Indore', 33)
INSERT INTO SupplyDetails (PID, SID, DATEOFSUPPLY, CITY, QTYSUPPLIED) VALUES (39, 116, '2024-07-24', 'Jaipur', 869)
INSERT INTO SupplyDetails (PID, SID, DATEOFSUPPLY, CITY, QTYSUPPLIED) VALUES (42, 114, '2024-05-31', 'Kolkata', 156)
INSERT INTO SupplyDetails (PID, SID, DATEOFSUPPLY, CITY, QTYSUPPLIED) VALUES (25, 115, '2024-02-05', 'Delhi', 276)
INSERT INTO SupplyDetails (PID, SID, DATEOFSUPPLY, CITY, QTYSUPPLIED) VALUES (13, 113, '2023-01-19', 'Mumbai', 43)
INSERT INTO SupplyDetails (PID, SID, DATEOFSUPPLY, CITY, QTYSUPPLIED) VALUES (25, 107, '2024-10-13', 'Delhi', 218)
INSERT INTO SupplyDetails (PID, SID, DATEOFSUPPLY, CITY, QTYSUPPLIED) VALUES (29, 104, '2025-08-10', 'Mumbai', 175)
INSERT INTO SupplyDetails (PID, SID, DATEOFSUPPLY, CITY, QTYSUPPLIED) VALUES (19, 115, '2024-03-14', 'Jaipur', 19)
INSERT INTO SupplyDetails (PID, SID, DATEOFSUPPLY, CITY, QTYSUPPLIED) VALUES (35, 101, '2024-10-17', 'Mumbai', 44)
INSERT INTO SupplyDetails (PID, SID, DATEOFSUPPLY, CITY, QTYSUPPLIED) VALUES (26, 114, '2024-12-12', 'Pune', 144)
INSERT INTO SupplyDetails (PID, SID, DATEOFSUPPLY, CITY, QTYSUPPLIED) VALUES (2, 117, '2023-06-28', 'Hyderabad', 84)
INSERT INTO SupplyDetails (PID, SID, DATEOFSUPPLY, CITY, QTYSUPPLIED) VALUES (4, 103, '2025-06-02', 'Indore', 76)
INSERT INTO SupplyDetails (PID, SID, DATEOFSUPPLY, CITY, QTYSUPPLIED) VALUES (12, 102, '2023-05-05', 'Mumbai', 125)
INSERT INTO SupplyDetails (PID, SID, DATEOFSUPPLY, CITY, QTYSUPPLIED) VALUES (10, 112, '2024-08-20', 'Jaipur', 57)
INSERT INTO SupplyDetails (PID, SID, DATEOFSUPPLY, CITY, QTYSUPPLIED) VALUES (9, 114, '2024-03-31', 'Kochi', 29)
INSERT INTO SupplyDetails (PID, SID, DATEOFSUPPLY, CITY, QTYSUPPLIED) VALUES (29, 116, '2023-11-18', 'Mumbai', 309)
INSERT INTO SupplyDetails (PID, SID, DATEOFSUPPLY, CITY, QTYSUPPLIED) VALUES (37, 108, '2023-10-05', 'Kolkata', 17)
INSERT INTO SupplyDetails (PID, SID, DATEOFSUPPLY, CITY, QTYSUPPLIED) VALUES (31, 118, '2023-04-24', 'Mumbai', 408)
INSERT INTO SupplyDetails (PID, SID, DATEOFSUPPLY, CITY, QTYSUPPLIED) VALUES (37, 106, '2023-05-09', 'Jaipur', 55)
INSERT INTO SupplyDetails (PID, SID, DATEOFSUPPLY, CITY, QTYSUPPLIED) VALUES (5, 119, '2025-07-29', 'Kochi', 194)
INSERT INTO SupplyDetails (PID, SID, DATEOFSUPPLY, CITY, QTYSUPPLIED) VALUES (42, 120, '2025-04-13', 'Kolkata', 166)
INSERT INTO SupplyDetails (PID, SID, DATEOFSUPPLY, CITY, QTYSUPPLIED) VALUES (34, 116, '2023-08-18', 'Pune', 201)
INSERT INTO SupplyDetails (PID, SID, DATEOFSUPPLY, CITY, QTYSUPPLIED) VALUES (38, 111, '2023-03-09', 'Jaipur', 17)
INSERT INTO SupplyDetails (PID, SID, DATEOFSUPPLY, CITY, QTYSUPPLIED) VALUES (30, 102, '2025-08-22', 'Pune', 92)
INSERT INTO SupplyDetails (PID, SID, DATEOFSUPPLY, CITY, QTYSUPPLIED) VALUES (19, 101, '2023-03-29', 'Bengaluru', 491)
INSERT INTO SupplyDetails (PID, SID, DATEOFSUPPLY, CITY, QTYSUPPLIED) VALUES (2, 117, '2025-08-28', 'Hyderabad', 317)
INSERT INTO SupplyDetails (PID, SID, DATEOFSUPPLY, CITY, QTYSUPPLIED) VALUES (1, 106, '2024-01-21', 'Indore', 330)
INSERT INTO SupplyDetails (PID, SID, DATEOFSUPPLY, CITY, QTYSUPPLIED) VALUES (20, 109, '2024-09-22', 'Delhi', 144)
INSERT INTO SupplyDetails (PID, SID, DATEOFSUPPLY, CITY, QTYSUPPLIED) VALUES (30, 115, '2023-08-08', 'Jaipur', 73)
INSERT INTO SupplyDetails (PID, SID, DATEOFSUPPLY, CITY, QTYSUPPLIED) VALUES (13, 118, '2024-06-30', 'Chennai', 58)
INSERT INTO SupplyDetails (PID, SID, DATEOFSUPPLY, CITY, QTYSUPPLIED) VALUES (21, 113, '2024-08-27', 'Bengaluru', 139)
INSERT INTO SupplyDetails (PID, SID, DATEOFSUPPLY, CITY, QTYSUPPLIED) VALUES (30, 115, '2023-01-14', 'Hyderabad', 45)
INSERT INTO SupplyDetails (PID, SID, DATEOFSUPPLY, CITY, QTYSUPPLIED) VALUES (1, 110, '2024-08-16', 'Bengaluru', 412)
INSERT INTO SupplyDetails (PID, SID, DATEOFSUPPLY, CITY, QTYSUPPLIED) VALUES (23, 105, '2024-12-03', 'Indore', 52)
INSERT INTO SupplyDetails (PID, SID, DATEOFSUPPLY, CITY, QTYSUPPLIED) VALUES (16, 103, '2024-01-11', 'Mumbai', 258)
INSERT INTO SupplyDetails (PID, SID, DATEOFSUPPLY, CITY, QTYSUPPLIED) VALUES (36, 109, '2023-05-23', 'Jaipur', 50)
INSERT INTO SupplyDetails (PID, SID, DATEOFSUPPLY, CITY, QTYSUPPLIED) VALUES (46, 118, '2023-07-05', 'Bengaluru', 33)
INSERT INTO SupplyDetails (PID, SID, DATEOFSUPPLY, CITY, QTYSUPPLIED) VALUES (38, 107, '2023-12-24', 'Kolkata', 37)
INSERT INTO SupplyDetails (PID, SID, DATEOFSUPPLY, CITY, QTYSUPPLIED) VALUES (24, 118, '2025-04-21', 'Indore', 55)
INSERT INTO SupplyDetails (PID, SID, DATEOFSUPPLY, CITY, QTYSUPPLIED) VALUES (44, 102, '2024-08-15', 'Hyderabad', 336)
INSERT INTO SupplyDetails (PID, SID, DATEOFSUPPLY, CITY, QTYSUPPLIED) VALUES (22, 111, '2024-02-03', 'Kolkata', 73)
INSERT INTO SupplyDetails (PID, SID, DATEOFSUPPLY, CITY, QTYSUPPLIED) VALUES (40, 118, '2023-07-14', 'Kochi', 47)
INSERT INTO SupplyDetails (PID, SID, DATEOFSUPPLY, CITY, QTYSUPPLIED) VALUES (47, 104, '2024-10-01', 'Indore', 217)
INSERT INTO SupplyDetails (PID, SID, DATEOFSUPPLY, CITY, QTYSUPPLIED) VALUES (10, 103, '2025-04-09', 'Jaipur', 8)
INSERT INTO SupplyDetails (PID, SID, DATEOFSUPPLY, CITY, QTYSUPPLIED) VALUES (28, 104, '2024-03-05', 'Chennai', 37)
INSERT INTO SupplyDetails (PID, SID, DATEOFSUPPLY, CITY, QTYSUPPLIED) VALUES (12, 103, '2024-10-09', 'Kochi', 71)
INSERT INTO SupplyDetails (PID, SID, DATEOFSUPPLY, CITY, QTYSUPPLIED) VALUES (2, 108, '2023-12-29', 'Mumbai', 204)
INSERT INTO SupplyDetails (PID, SID, DATEOFSUPPLY, CITY, QTYSUPPLIED) VALUES (19, 110, '2024-02-22', 'Chennai', 1850)
INSERT INTO SupplyDetails (PID, SID, DATEOFSUPPLY, CITY, QTYSUPPLIED) VALUES (33, 101, '2023-07-30', 'Kolkata', 688)
INSERT INTO SupplyDetails (PID, SID, DATEOFSUPPLY, CITY, QTYSUPPLIED) VALUES (38, 118, '2024-01-03', 'Bengaluru', 101)
INSERT INTO SupplyDetails (PID, SID, DATEOFSUPPLY, CITY, QTYSUPPLIED) VALUES (16, 110, '2024-12-23', 'Indore', 257)
INSERT INTO SupplyDetails (PID, SID, DATEOFSUPPLY, CITY, QTYSUPPLIED) VALUES (21, 111, '2025-07-14', 'Mumbai', 401)
INSERT INTO SupplyDetails (PID, SID, DATEOFSUPPLY, CITY, QTYSUPPLIED) VALUES (27, 102, '2024-03-06', 'Pune', 477)
INSERT INTO SupplyDetails (PID, SID, DATEOFSUPPLY, CITY, QTYSUPPLIED) VALUES (21, 111, '2025-05-23', 'Mumbai', 311)
INSERT INTO SupplyDetails (PID, SID, DATEOFSUPPLY, CITY, QTYSUPPLIED) VALUES (23, 106, '2024-02-19', 'Kolkata', 15)
INSERT INTO SupplyDetails (PID, SID, DATEOFSUPPLY, CITY, QTYSUPPLIED) VALUES (30, 114, '2024-06-22', 'Kolkata', 68)
INSERT INTO SupplyDetails (PID, SID, DATEOFSUPPLY, CITY, QTYSUPPLIED) VALUES (13, 120, '2024-11-23', 'Delhi', 49)
INSERT INTO SupplyDetails (PID, SID, DATEOFSUPPLY, CITY, QTYSUPPLIED) VALUES (49, 117, '2024-04-22', 'Kochi', 25)
INSERT INTO SupplyDetails (PID, SID, DATEOFSUPPLY, CITY, QTYSUPPLIED) VALUES (30, 108, '2023-03-01', 'Mumbai', 93)
INSERT INTO SupplyDetails (PID, SID, DATEOFSUPPLY, CITY, QTYSUPPLIED) VALUES (1, 102, '2024-08-20', 'Mumbai', 288)
INSERT INTO SupplyDetails (PID, SID, DATEOFSUPPLY, CITY, QTYSUPPLIED) VALUES (15, 120, '2023-06-11', 'Hyderabad', 125)
INSERT INTO SupplyDetails (PID, SID, DATEOFSUPPLY, CITY, QTYSUPPLIED) VALUES (25, 107, '2023-07-01', 'Kochi', 154)
INSERT INTO SupplyDetails (PID, SID, DATEOFSUPPLY, CITY, QTYSUPPLIED) VALUES (40, 109, '2025-02-06', 'Jaipur', 82)
INSERT INTO SupplyDetails (PID, SID, DATEOFSUPPLY, CITY, QTYSUPPLIED) VALUES (35, 101, '2024-06-12', 'Mumbai', 39)
INSERT INTO SupplyDetails (PID, SID, DATEOFSUPPLY, CITY, QTYSUPPLIED) VALUES (13, 101, '2024-08-29', 'Pune', 38)
INSERT INTO SupplyDetails (PID, SID, DATEOFSUPPLY, CITY, QTYSUPPLIED) VALUES (32, 109, '2025-03-30', 'Jaipur', 1536)
INSERT INTO SupplyDetails (PID, SID, DATEOFSUPPLY, CITY, QTYSUPPLIED) VALUES (17, 111, '2025-05-03', 'Jaipur', 141)
INSERT INTO SupplyDetails (PID, SID, DATEOFSUPPLY, CITY, QTYSUPPLIED) VALUES (16, 120, '2024-04-16', 'Chennai', 71)
INSERT INTO SupplyDetails (PID, SID, DATEOFSUPPLY, CITY, QTYSUPPLIED) VALUES (14, 115, '2024-08-12', 'Pune', 414)
INSERT INTO SupplyDetails (PID, SID, DATEOFSUPPLY, CITY, QTYSUPPLIED) VALUES (34, 101, '2023-02-13', 'Indore', 68)
INSERT INTO SupplyDetails (PID, SID, DATEOFSUPPLY, CITY, QTYSUPPLIED) VALUES (36, 108, '2024-04-15', 'Jaipur', 50)
INSERT INTO SupplyDetails (PID, SID, DATEOFSUPPLY, CITY, QTYSUPPLIED) VALUES (37, 112, '2023-11-17', 'Mumbai', 24)
INSERT INTO SupplyDetails (PID, SID, DATEOFSUPPLY, CITY, QTYSUPPLIED) VALUES (42, 107, '2023-10-08', 'Indore', 43)
INSERT INTO SupplyDetails (PID, SID, DATEOFSUPPLY, CITY, QTYSUPPLIED) VALUES (49, 109, '2024-06-04', 'Pune', 306)
INSERT INTO SupplyDetails (PID, SID, DATEOFSUPPLY, CITY, QTYSUPPLIED) VALUES (46, 109, '2025-08-10', 'Jaipur', 42)
INSERT INTO SupplyDetails (PID, SID, DATEOFSUPPLY, CITY, QTYSUPPLIED) VALUES (4, 106, '2023-03-12', 'Jaipur', 101)
INSERT INTO SupplyDetails (PID, SID, DATEOFSUPPLY, CITY, QTYSUPPLIED) VALUES (18, 109, '2023-07-06', 'Kochi', 233)
INSERT INTO SupplyDetails (PID, SID, DATEOFSUPPLY, CITY, QTYSUPPLIED) VALUES (2, 119, '2023-12-20', 'Pune', 533)
INSERT INTO SupplyDetails (PID, SID, DATEOFSUPPLY, CITY, QTYSUPPLIED) VALUES (50, 109, '2024-07-10', 'Mumbai', 159)
INSERT INTO SupplyDetails (PID, SID, DATEOFSUPPLY, CITY, QTYSUPPLIED) VALUES (12, 109, '2025-01-31', 'Delhi', 103)
INSERT INTO SupplyDetails (PID, SID, DATEOFSUPPLY, CITY, QTYSUPPLIED) VALUES (49, 103, '2024-12-13', 'Jaipur', 48)
INSERT INTO SupplyDetails (PID, SID, DATEOFSUPPLY, CITY, QTYSUPPLIED) VALUES (40, 113, '2023-04-28', 'Kochi', 89)
INSERT INTO SupplyDetails (PID, SID, DATEOFSUPPLY, CITY, QTYSUPPLIED) VALUES (28, 101, '2025-01-22', 'Kolkata', 118)
INSERT INTO SupplyDetails (PID, SID, DATEOFSUPPLY, CITY, QTYSUPPLIED) VALUES (29, 112, '2023-10-22', 'Bengaluru', 305)
INSERT INTO SupplyDetails (PID, SID, DATEOFSUPPLY, CITY, QTYSUPPLIED) VALUES (24, 113, '2024-02-24', 'Indore', 5)
INSERT INTO SupplyDetails (PID, SID, DATEOFSUPPLY, CITY, QTYSUPPLIED) VALUES (10, 105, '2025-09-12', 'Kochi', 24)
INSERT INTO SupplyDetails (PID, SID, DATEOFSUPPLY, CITY, QTYSUPPLIED) VALUES (19, 111, '2023-05-08', 'Hyderabad', 395)
INSERT INTO SupplyDetails (PID, SID, DATEOFSUPPLY, CITY, QTYSUPPLIED) VALUES (43, 109, '2025-09-26', 'Bengaluru', 226)
INSERT INTO SupplyDetails (PID, SID, DATEOFSUPPLY, CITY, QTYSUPPLIED) VALUES (24, 102, '2024-08-21', 'Kochi', 79)
INSERT INTO SupplyDetails (PID, SID, DATEOFSUPPLY, CITY, QTYSUPPLIED) VALUES (43, 111, '2023-06-14', 'Kolkata', 108)
INSERT INTO SupplyDetails (PID, SID, DATEOFSUPPLY, CITY, QTYSUPPLIED) VALUES (40, 116, '2023-09-05', 'Kochi', 85)
INSERT INTO SupplyDetails (PID, SID, DATEOFSUPPLY, CITY, QTYSUPPLIED) VALUES (20, 104, '2025-03-19', 'Jaipur', 165)
INSERT INTO SupplyDetails (PID, SID, DATEOFSUPPLY, CITY, QTYSUPPLIED) VALUES (3, 111, '2023-03-24', 'Kolkata', 78)
INSERT INTO SupplyDetails (PID, SID, DATEOFSUPPLY, CITY, QTYSUPPLIED) VALUES (14, 107, '2023-11-03', 'Pune', 416)
INSERT INTO SupplyDetails (PID, SID, DATEOFSUPPLY, CITY, QTYSUPPLIED) VALUES (39, 119, '2025-01-03', 'Hyderabad', 897)
INSERT INTO SupplyDetails (PID, SID, DATEOFSUPPLY, CITY, QTYSUPPLIED) VALUES (39, 113, '2024-10-18', 'Hyderabad', 668)
INSERT INTO SupplyDetails (PID, SID, DATEOFSUPPLY, CITY, QTYSUPPLIED) VALUES (27, 101, '2024-04-02', 'Kolkata', 382)
INSERT INTO SupplyDetails (PID, SID, DATEOFSUPPLY, CITY, QTYSUPPLIED) VALUES (34, 113, '2025-07-24', 'Hyderabad', 1)
INSERT INTO SupplyDetails (PID, SID, DATEOFSUPPLY, CITY, QTYSUPPLIED) VALUES (5, 102, '2023-04-21', 'Kochi', 50)
INSERT INTO SupplyDetails (PID, SID, DATEOFSUPPLY, CITY, QTYSUPPLIED) VALUES (50, 108, '2023-06-24', 'Indore', 11)
INSERT INTO SupplyDetails (PID, SID, DATEOFSUPPLY, CITY, QTYSUPPLIED) VALUES (8, 107, '2023-02-02', 'Indore', 441)
INSERT INTO SupplyDetails (PID, SID, DATEOFSUPPLY, CITY, QTYSUPPLIED) VALUES (35, 106, '2023-10-23', 'Mumbai', 41)
INSERT INTO SupplyDetails (PID, SID, DATEOFSUPPLY, CITY, QTYSUPPLIED) VALUES (29, 101, '2024-11-13', 'Mumbai', 301)
INSERT INTO SupplyDetails (PID, SID, DATEOFSUPPLY, CITY, QTYSUPPLIED) VALUES (44, 118, '2025-06-20', 'Bengaluru', 503)
INSERT INTO SupplyDetails (PID, SID, DATEOFSUPPLY, CITY, QTYSUPPLIED) VALUES (37, 115, '2024-02-22', 'Kolkata', 40)
INSERT INTO SupplyDetails (PID, SID, DATEOFSUPPLY, CITY, QTYSUPPLIED) VALUES (6, 115, '2023-01-30', 'Indore', 780)
INSERT INTO SupplyDetails (PID, SID, DATEOFSUPPLY, CITY, QTYSUPPLIED) VALUES (27, 102, '2025-06-08', 'Delhi', 397)
INSERT INTO SupplyDetails (PID, SID, DATEOFSUPPLY, CITY, QTYSUPPLIED) VALUES (35, 108, '2023-05-01', 'Delhi', 37)
INSERT INTO SupplyDetails (PID, SID, DATEOFSUPPLY, CITY, QTYSUPPLIED) VALUES (11, 109, '2024-01-11', 'Pune', 13)
INSERT INTO SupplyDetails (PID, SID, DATEOFSUPPLY, CITY, QTYSUPPLIED) VALUES (48, 109, '2023-05-12', 'Mumbai', 26)
INSERT INTO SupplyDetails (PID, SID, DATEOFSUPPLY, CITY, QTYSUPPLIED) VALUES (11, 113, '2023-06-03', 'Delhi', 8)
INSERT INTO SupplyDetails (PID, SID, DATEOFSUPPLY, CITY, QTYSUPPLIED) VALUES (31, 120, '2025-08-02', 'Chennai', 197)
INSERT INTO SupplyDetails (PID, SID, DATEOFSUPPLY, CITY, QTYSUPPLIED) VALUES (35, 107, '2024-10-13', 'Indore', 43)
INSERT INTO SupplyDetails (PID, SID, DATEOFSUPPLY, CITY, QTYSUPPLIED) VALUES (50, 116, '2024-04-27', 'Jaipur', 80)
INSERT INTO SupplyDetails (PID, SID, DATEOFSUPPLY, CITY, QTYSUPPLIED) VALUES (17, 119, '2024-07-09', 'Bengaluru', 107)
INSERT INTO SupplyDetails (PID, SID, DATEOFSUPPLY, CITY, QTYSUPPLIED) VALUES (37, 105, '2024-08-16', 'Pune', 51)
INSERT INTO SupplyDetails (PID, SID, DATEOFSUPPLY, CITY, QTYSUPPLIED) VALUES (7, 104, '2023-03-14', 'Indore', 65)
INSERT INTO SupplyDetails (PID, SID, DATEOFSUPPLY, CITY, QTYSUPPLIED) VALUES (27, 113, '2024-12-18', 'Mumbai', 70)
INSERT INTO SupplyDetails (PID, SID, DATEOFSUPPLY, CITY, QTYSUPPLIED) VALUES (8, 103, '2024-06-23', 'Pune', 399)
INSERT INTO SupplyDetails (PID, SID, DATEOFSUPPLY, CITY, QTYSUPPLIED) VALUES (25, 113, '2025-02-06', 'Chennai', 218)
INSERT INTO SupplyDetails (PID, SID, DATEOFSUPPLY, CITY, QTYSUPPLIED) VALUES (3, 117, '2023-07-27', 'Delhi', 65)
INSERT INTO SupplyDetails (PID, SID, DATEOFSUPPLY, CITY, QTYSUPPLIED) VALUES (25, 103, '2023-08-12', 'Mumbai', 267)
INSERT INTO SupplyDetails (PID, SID, DATEOFSUPPLY, CITY, QTYSUPPLIED) VALUES (39, 103, '2023-04-17', 'Delhi', 573)
INSERT INTO SupplyDetails (PID, SID, DATEOFSUPPLY, CITY, QTYSUPPLIED) VALUES (2, 114, '2025-08-13', 'Delhi', 311)
INSERT INTO SupplyDetails (PID, SID, DATEOFSUPPLY, CITY, QTYSUPPLIED) VALUES (43, 101, '2024-08-01', 'Kolkata', 200)
INSERT INTO SupplyDetails (PID, SID, DATEOFSUPPLY, CITY, QTYSUPPLIED) VALUES (25, 112, '2024-09-02', 'Indore', 126)
INSERT INTO SupplyDetails (PID, SID, DATEOFSUPPLY, CITY, QTYSUPPLIED) VALUES (8, 105, '2025-03-09', 'Jaipur', 226)
INSERT INTO SupplyDetails (PID, SID, DATEOFSUPPLY, CITY, QTYSUPPLIED) VALUES (36, 118, '2024-02-26', 'Kolkata', 44)
INSERT INTO SupplyDetails (PID, SID, DATEOFSUPPLY, CITY, QTYSUPPLIED) VALUES (10, 114, '2024-11-30', 'Jaipur', 55)
INSERT INTO SupplyDetails (PID, SID, DATEOFSUPPLY, CITY, QTYSUPPLIED) VALUES (11, 102, '2023-04-13', 'Jaipur', 37)
INSERT INTO SupplyDetails (PID, SID, DATEOFSUPPLY, CITY, QTYSUPPLIED) VALUES (42, 120, '2024-02-27', 'Bengaluru', 171)
INSERT INTO SupplyDetails (PID, SID, DATEOFSUPPLY, CITY, QTYSUPPLIED) VALUES (43, 115, '2024-07-15', 'Delhi', 84)
INSERT INTO SupplyDetails (PID, SID, DATEOFSUPPLY, CITY, QTYSUPPLIED) VALUES (44, 113, '2024-12-05', 'Jaipur', 484)
INSERT INTO SupplyDetails (PID, SID, DATEOFSUPPLY, CITY, QTYSUPPLIED) VALUES (21, 112, '2023-04-06', 'Jaipur', 191)
INSERT INTO SupplyDetails (PID, SID, DATEOFSUPPLY, CITY, QTYSUPPLIED) VALUES (12, 109, '2025-05-25', 'Indore', 38)
INSERT INTO SupplyDetails (PID, SID, DATEOFSUPPLY, CITY, QTYSUPPLIED) VALUES (3, 116, '2025-03-04', 'Delhi', 113)
INSERT INTO SupplyDetails (PID, SID, DATEOFSUPPLY, CITY, QTYSUPPLIED) VALUES (6, 115, '2024-03-29', 'Mumbai', 78)
INSERT INTO SupplyDetails (PID, SID, DATEOFSUPPLY, CITY, QTYSUPPLIED) VALUES (39, 107, '2023-03-31', 'Delhi', 604)
INSERT INTO SupplyDetails (PID, SID, DATEOFSUPPLY, CITY, QTYSUPPLIED) VALUES (4, 103, '2024-03-01', 'Chennai', 187)
INSERT INTO SupplyDetails (PID, SID, DATEOFSUPPLY, CITY, QTYSUPPLIED) VALUES (2, 111, '2025-08-04', 'Chennai', 191)
INSERT INTO SupplyDetails (PID, SID, DATEOFSUPPLY, CITY, QTYSUPPLIED) VALUES (50, 104, '2025-01-11', 'Mumbai', 218)
INSERT INTO SupplyDetails (PID, SID, DATEOFSUPPLY, CITY, QTYSUPPLIED) VALUES (28, 119, '2023-01-23', 'Hyderabad', 74)
INSERT INTO SupplyDetails (PID, SID, DATEOFSUPPLY, CITY, QTYSUPPLIED) VALUES (32, 108, '2023-09-26', 'Kolkata', 496)
INSERT INTO SupplyDetails (PID, SID, DATEOFSUPPLY, CITY, QTYSUPPLIED) VALUES (23, 118, '2025-06-10', 'Hyderabad', 21)
INSERT INTO SupplyDetails (PID, SID, DATEOFSUPPLY, CITY, QTYSUPPLIED) VALUES (23, 104, '2025-01-30', 'Kochi', 2)
INSERT INTO SupplyDetails (PID, SID, DATEOFSUPPLY, CITY, QTYSUPPLIED) VALUES (14, 104, '2024-02-23', 'Jaipur', 625)
INSERT INTO SupplyDetails (PID, SID, DATEOFSUPPLY, CITY, QTYSUPPLIED) VALUES (10, 118, '2024-04-06', 'Delhi', 64)
INSERT INTO SupplyDetails (PID, SID, DATEOFSUPPLY, CITY, QTYSUPPLIED) VALUES (25, 113, '2023-09-10', 'Hyderabad', 276)
INSERT INTO SupplyDetails (PID, SID, DATEOFSUPPLY, CITY, QTYSUPPLIED) VALUES (31, 118, '2023-10-23', 'Bengaluru', 817)
INSERT INTO SupplyDetails (PID, SID, DATEOFSUPPLY, CITY, QTYSUPPLIED) VALUES (22, 101, '2023-12-31', 'Bengaluru', 150)
INSERT INTO SupplyDetails (PID, SID, DATEOFSUPPLY, CITY, QTYSUPPLIED) VALUES (38, 110, '2025-07-27', 'Kochi', 101)
INSERT INTO SupplyDetails (PID, SID, DATEOFSUPPLY, CITY, QTYSUPPLIED) VALUES (23, 109, '2025-05-03', 'Delhi', 36)
INSERT INTO SupplyDetails (PID, SID, DATEOFSUPPLY, CITY, QTYSUPPLIED) VALUES (40, 105, '2025-08-15', 'Pune', 30)
INSERT INTO SupplyDetails (PID, SID, DATEOFSUPPLY, CITY, QTYSUPPLIED) VALUES (40, 109, '2023-08-06', 'Delhi', 39)
INSERT INTO SupplyDetails (PID, SID, DATEOFSUPPLY, CITY, QTYSUPPLIED) VALUES (12, 107, '2023-06-12', 'Delhi', 31)
INSERT INTO SupplyDetails (PID, SID, DATEOFSUPPLY, CITY, QTYSUPPLIED) VALUES (43, 117, '2025-07-27', 'Bengaluru', 219)
INSERT INTO SupplyDetails (PID, SID, DATEOFSUPPLY, CITY, QTYSUPPLIED) VALUES (35, 101, '2025-07-24', 'Jaipur', 29)
INSERT INTO SupplyDetails (PID, SID, DATEOFSUPPLY, CITY, QTYSUPPLIED) VALUES (4, 110, '2024-04-05', 'Hyderabad', 106)
INSERT INTO SupplyDetails (PID, SID, DATEOFSUPPLY, CITY, QTYSUPPLIED) VALUES (2, 108, '2023-10-24', 'Hyderabad', 449)
INSERT INTO SupplyDetails (PID, SID, DATEOFSUPPLY, CITY, QTYSUPPLIED) VALUES (11, 115, '2024-08-17', 'Delhi', 32)
INSERT INTO SupplyDetails (PID, SID, DATEOFSUPPLY, CITY, QTYSUPPLIED) VALUES (13, 115, '2024-12-24', 'Hyderabad', 47)
INSERT INTO SupplyDetails (PID, SID, DATEOFSUPPLY, CITY, QTYSUPPLIED) VALUES (17, 101, '2023-04-15', 'Indore', 10)
INSERT INTO SupplyDetails (PID, SID, DATEOFSUPPLY, CITY, QTYSUPPLIED) VALUES (2, 118, '2024-05-19', 'Kolkata', 415)
INSERT INTO SupplyDetails (PID, SID, DATEOFSUPPLY, CITY, QTYSUPPLIED) VALUES (35, 117, '2025-07-04', 'Kochi', 49)
INSERT INTO SupplyDetails (PID, SID, DATEOFSUPPLY, CITY, QTYSUPPLIED) VALUES (28, 114, '2025-06-11', 'Pune', 125)
INSERT INTO SupplyDetails (PID, SID, DATEOFSUPPLY, CITY, QTYSUPPLIED) VALUES (24, 112, '2023-11-03', 'Mumbai', 23)
INSERT INTO SupplyDetails (PID, SID, DATEOFSUPPLY, CITY, QTYSUPPLIED) VALUES (44, 103, '2023-12-14', 'Kolkata', 700)
INSERT INTO SupplyDetails (PID, SID, DATEOFSUPPLY, CITY, QTYSUPPLIED) VALUES (30, 112, '2023-10-09', 'Bengaluru', 24)
INSERT INTO SupplyDetails (PID, SID, DATEOFSUPPLY, CITY, QTYSUPPLIED) VALUES (27, 102, '2024-04-19', 'Delhi', 215)
INSERT INTO SupplyDetails (PID, SID, DATEOFSUPPLY, CITY, QTYSUPPLIED) VALUES (41, 103, '2023-05-12', 'Mumbai', 13)
INSERT INTO SupplyDetails (PID, SID, DATEOFSUPPLY, CITY, QTYSUPPLIED) VALUES (50, 113, '2025-03-30', 'Indore', 62)
INSERT INTO SupplyDetails (PID, SID, DATEOFSUPPLY, CITY, QTYSUPPLIED) VALUES (23, 117, '2025-09-11', 'Delhi', 37)
INSERT INTO SupplyDetails (PID, SID, DATEOFSUPPLY, CITY, QTYSUPPLIED) VALUES (32, 111, '2023-08-09', 'Delhi', 633)
INSERT INTO SupplyDetails (PID, SID, DATEOFSUPPLY, CITY, QTYSUPPLIED) VALUES (30, 106, '2025-06-20', 'Mumbai', 29)
INSERT INTO SupplyDetails (PID, SID, DATEOFSUPPLY, CITY, QTYSUPPLIED) VALUES (28, 103, '2023-08-18', 'Delhi', 4)
INSERT INTO SupplyDetails (PID, SID, DATEOFSUPPLY, CITY, QTYSUPPLIED) VALUES (49, 120, '2024-09-03', 'Pune', 475)
INSERT INTO SupplyDetails (PID, SID, DATEOFSUPPLY, CITY, QTYSUPPLIED) VALUES (17, 108, '2024-05-14', 'Hyderabad', 170)
INSERT INTO SupplyDetails (PID, SID, DATEOFSUPPLY, CITY, QTYSUPPLIED) VALUES (21, 103, '2024-04-27', 'Bengaluru', 321)
INSERT INTO SupplyDetails (PID, SID, DATEOFSUPPLY, CITY, QTYSUPPLIED) VALUES (9, 104, '2024-11-15', 'Bengaluru', 86)
INSERT INTO SupplyDetails (PID, SID, DATEOFSUPPLY, CITY, QTYSUPPLIED) VALUES (30, 114, '2023-03-07', 'Kolkata', 77)
INSERT INTO SupplyDetails (PID, SID, DATEOFSUPPLY, CITY, QTYSUPPLIED) VALUES (31, 111, '2023-08-07', 'Jaipur', 823)
INSERT INTO SupplyDetails (PID, SID, DATEOFSUPPLY, CITY, QTYSUPPLIED) VALUES (50, 116, '2023-03-27', 'Kochi', 231)
INSERT INTO SupplyDetails (PID, SID, DATEOFSUPPLY, CITY, QTYSUPPLIED) VALUES (38, 105, '2023-07-10', 'Kolkata', 121)
INSERT INTO SupplyDetails (PID, SID, DATEOFSUPPLY, CITY, QTYSUPPLIED) VALUES (40, 108, '2023-10-12', 'Mumbai', 7)
INSERT INTO SupplyDetails (PID, SID, DATEOFSUPPLY, CITY, QTYSUPPLIED) VALUES (25, 117, '2025-04-02', 'Hyderabad', 39)
INSERT INTO SupplyDetails (PID, SID, DATEOFSUPPLY, CITY, QTYSUPPLIED) VALUES (24, 107, '2025-08-25', 'Chennai', 22)
INSERT INTO SupplyDetails (PID, SID, DATEOFSUPPLY, CITY, QTYSUPPLIED) VALUES (11, 111, '2023-02-05', 'Delhi', 25)
INSERT INTO SupplyDetails (PID, SID, DATEOFSUPPLY, CITY, QTYSUPPLIED) VALUES (10, 120, '2025-02-27', 'Mumbai', 57)
INSERT INTO SupplyDetails (PID, SID, DATEOFSUPPLY, CITY, QTYSUPPLIED) VALUES (3, 106, '2024-05-12', 'Delhi', 2)
INSERT INTO SupplyDetails (PID, SID, DATEOFSUPPLY, CITY, QTYSUPPLIED) VALUES (18, 114, '2025-03-06', 'Jaipur', 180)
INSERT INTO SupplyDetails (PID, SID, DATEOFSUPPLY, CITY, QTYSUPPLIED) VALUES (8, 118, '2024-06-30', 'Hyderabad', 60)
INSERT INTO SupplyDetails (PID, SID, DATEOFSUPPLY, CITY, QTYSUPPLIED) VALUES (23, 102, '2024-03-06', 'Delhi', 2)
INSERT INTO SupplyDetails (PID, SID, DATEOFSUPPLY, CITY, QTYSUPPLIED) VALUES (1, 118, '2024-07-07', 'Kochi', 363)
INSERT INTO SupplyDetails (PID, SID, DATEOFSUPPLY, CITY, QTYSUPPLIED) VALUES (7, 113, '2024-04-26', 'Delhi', 44)
INSERT INTO SupplyDetails (PID, SID, DATEOFSUPPLY, CITY, QTYSUPPLIED) VALUES (40, 119, '2024-05-16', 'Indore', 60)
INSERT INTO SupplyDetails (PID, SID, DATEOFSUPPLY, CITY, QTYSUPPLIED) VALUES (23, 113, '2024-12-26', 'Kolkata', 7)
INSERT INTO SupplyDetails (PID, SID, DATEOFSUPPLY, CITY, QTYSUPPLIED) VALUES (5, 102, '2024-05-03', 'Kolkata', 151)
INSERT INTO SupplyDetails (PID, SID, DATEOFSUPPLY, CITY, QTYSUPPLIED) VALUES (42, 110, '2025-05-29', 'Hyderabad', 160)
INSERT INTO SupplyDetails (PID, SID, DATEOFSUPPLY, CITY, QTYSUPPLIED) VALUES (14, 102, '2025-02-01', 'Bengaluru', 27)
INSERT INTO SupplyDetails (PID, SID, DATEOFSUPPLY, CITY, QTYSUPPLIED) VALUES (17, 109, '2024-11-10', 'Delhi', 108)
INSERT INTO SupplyDetails (PID, SID, DATEOFSUPPLY, CITY, QTYSUPPLIED) VALUES (12, 120, '2024-04-27', 'Delhi', 103)
INSERT INTO SupplyDetails (PID, SID, DATEOFSUPPLY, CITY, QTYSUPPLIED) VALUES (35, 114, '2024-08-28', 'Indore', 50)
INSERT INTO SupplyDetails (PID, SID, DATEOFSUPPLY, CITY, QTYSUPPLIED) VALUES (12, 119, '2024-09-29', 'Indore', 73)
INSERT INTO SupplyDetails (PID, SID, DATEOFSUPPLY, CITY, QTYSUPPLIED) VALUES (40, 119, '2023-09-24', 'Hyderabad', 73)
INSERT INTO SupplyDetails (PID, SID, DATEOFSUPPLY, CITY, QTYSUPPLIED) VALUES (25, 118, '2024-03-03', 'Kolkata', 282)
INSERT INTO SupplyDetails (PID, SID, DATEOFSUPPLY, CITY, QTYSUPPLIED) VALUES (37, 116, '2023-04-12', 'Delhi', 9)
INSERT INTO SupplyDetails (PID, SID, DATEOFSUPPLY, CITY, QTYSUPPLIED) VALUES (34, 109, '2023-10-23', 'Delhi', 61)
INSERT INTO SupplyDetails (PID, SID, DATEOFSUPPLY, CITY, QTYSUPPLIED) VALUES (21, 107, '2024-07-09', 'Chennai', 50)
INSERT INTO SupplyDetails (PID, SID, DATEOFSUPPLY, CITY, QTYSUPPLIED) VALUES (33, 118, '2024-03-10', 'Indore', 349)
INSERT INTO SupplyDetails (PID, SID, DATEOFSUPPLY, CITY, QTYSUPPLIED) VALUES (38, 115, '2025-08-10', 'Delhi', 9)
INSERT INTO SupplyDetails (PID, SID, DATEOFSUPPLY, CITY, QTYSUPPLIED) VALUES (32, 117, '2023-12-11', 'Indore', 232)
INSERT INTO SupplyDetails (PID, SID, DATEOFSUPPLY, CITY, QTYSUPPLIED) VALUES (47, 105, '2024-11-06', 'Kochi', 194)
INSERT INTO SupplyDetails (PID, SID, DATEOFSUPPLY, CITY, QTYSUPPLIED) VALUES (27, 117, '2023-05-22', 'Chennai', 120)
INSERT INTO SupplyDetails (PID, SID, DATEOFSUPPLY, CITY, QTYSUPPLIED) VALUES (18, 114, '2023-04-09', 'Kolkata', 93)
INSERT INTO SupplyDetails (PID, SID, DATEOFSUPPLY, CITY, QTYSUPPLIED) VALUES (13, 114, '2024-04-28', 'Kolkata', 10)
INSERT INTO SupplyDetails (PID, SID, DATEOFSUPPLY, CITY, QTYSUPPLIED) VALUES (29, 118, '2023-08-15', 'Kochi', 67)
INSERT INTO SupplyDetails (PID, SID, DATEOFSUPPLY, CITY, QTYSUPPLIED) VALUES (17, 108, '2025-08-03', 'Pune', 153)
INSERT INTO SupplyDetails (PID, SID, DATEOFSUPPLY, CITY, QTYSUPPLIED) VALUES (30, 105, '2025-01-07', 'Indore', 37)
INSERT INTO SupplyDetails (PID, SID, DATEOFSUPPLY, CITY, QTYSUPPLIED) VALUES (1, 108, '2023-08-17', 'Bengaluru', 13)
INSERT INTO SupplyDetails (PID, SID, DATEOFSUPPLY, CITY, QTYSUPPLIED) VALUES (9, 110, '2023-06-04', 'Jaipur', 98)
INSERT INTO SupplyDetails (PID, SID, DATEOFSUPPLY, CITY, QTYSUPPLIED) VALUES (40, 105, '2025-03-02', 'Mumbai', 81)
INSERT INTO SupplyDetails (PID, SID, DATEOFSUPPLY, CITY, QTYSUPPLIED) VALUES (13, 106, '2024-04-27', 'Pune', 42)
INSERT INTO SupplyDetails (PID, SID, DATEOFSUPPLY, CITY, QTYSUPPLIED) VALUES (26, 103, '2023-08-16', 'Jaipur', 140)
INSERT INTO SupplyDetails (PID, SID, DATEOFSUPPLY, CITY, QTYSUPPLIED) VALUES (45, 116, '2025-05-07', 'Mumbai', 54)
INSERT INTO SupplyDetails (PID, SID, DATEOFSUPPLY, CITY, QTYSUPPLIED) VALUES (23, 118, '2025-05-18', 'Kochi', 39)
INSERT INTO SupplyDetails (PID, SID, DATEOFSUPPLY, CITY, QTYSUPPLIED) VALUES (29, 108, '2023-03-26', 'Kochi', 31)
INSERT INTO SupplyDetails (PID, SID, DATEOFSUPPLY, CITY, QTYSUPPLIED) VALUES (39, 103, '2025-03-08', 'Pune', 621)
INSERT INTO SupplyDetails (PID, SID, DATEOFSUPPLY, CITY, QTYSUPPLIED) VALUES (10, 113, '2023-06-20', 'Pune', 62)
INSERT INTO SupplyDetails (PID, SID, DATEOFSUPPLY, CITY, QTYSUPPLIED) VALUES (5, 105, '2023-08-02', 'Pune', 6)
INSERT INTO SupplyDetails (PID, SID, DATEOFSUPPLY, CITY, QTYSUPPLIED) VALUES (26, 114, '2023-12-23', 'Jaipur', 22)
INSERT INTO SupplyDetails (PID, SID, DATEOFSUPPLY, CITY, QTYSUPPLIED) VALUES (18, 115, '2025-03-28', 'Bengaluru', 35)
INSERT INTO SupplyDetails (PID, SID, DATEOFSUPPLY, CITY, QTYSUPPLIED) VALUES (50, 117, '2023-07-30', 'Jaipur', 137)
INSERT INTO SupplyDetails (PID, SID, DATEOFSUPPLY, CITY, QTYSUPPLIED) VALUES (39, 105, '2023-03-28', 'Jaipur', 471)
INSERT INTO SupplyDetails (PID, SID, DATEOFSUPPLY, CITY, QTYSUPPLIED) VALUES (21, 109, '2023-03-19', 'Bengaluru', 102)
INSERT INTO SupplyDetails (PID, SID, DATEOFSUPPLY, CITY, QTYSUPPLIED) VALUES (29, 113, '2024-08-27', 'Pune', 177)
INSERT INTO SupplyDetails (PID, SID, DATEOFSUPPLY, CITY, QTYSUPPLIED) VALUES (18, 118, '2025-08-01', 'Bengaluru', 172)
INSERT INTO SupplyDetails (PID, SID, DATEOFSUPPLY, CITY, QTYSUPPLIED) VALUES (40, 102, '2023-07-17', 'Jaipur', 83)
INSERT INTO SupplyDetails (PID, SID, DATEOFSUPPLY, CITY, QTYSUPPLIED) VALUES (45, 111, '2023-07-20', 'Mumbai', 39)
INSERT INTO SupplyDetails (PID, SID, DATEOFSUPPLY, CITY, QTYSUPPLIED) VALUES (2, 108, '2025-05-04', 'Bengaluru', 213)
INSERT INTO SupplyDetails (PID, SID, DATEOFSUPPLY, CITY, QTYSUPPLIED) VALUES (37, 103, '2024-03-30', 'Hyderabad', 13)
INSERT INTO SupplyDetails (PID, SID, DATEOFSUPPLY, CITY, QTYSUPPLIED) VALUES (43, 120, '2023-12-04', 'Kochi', 173)
INSERT INTO SupplyDetails (PID, SID, DATEOFSUPPLY, CITY, QTYSUPPLIED) VALUES (30, 105, '2025-03-29', 'Pune', 77)
INSERT INTO SupplyDetails (PID, SID, DATEOFSUPPLY, CITY, QTYSUPPLIED) VALUES (36, 111, '2023-01-30', 'Hyderabad', 6)
INSERT INTO SupplyDetails (PID, SID, DATEOFSUPPLY, CITY, QTYSUPPLIED) VALUES (24, 105, '2024-03-18', 'Jaipur', 21)
INSERT INTO SupplyDetails (PID, SID, DATEOFSUPPLY, CITY, QTYSUPPLIED) VALUES (47, 104, '2025-02-20', 'Delhi', 97)
INSERT INTO SupplyDetails (PID, SID, DATEOFSUPPLY, CITY, QTYSUPPLIED) VALUES (49, 107, '2024-08-16', 'Mumbai', 497)
INSERT INTO SupplyDetails (PID, SID, DATEOFSUPPLY, CITY, QTYSUPPLIED) VALUES (4, 103, '2023-04-27', 'Delhi', 168)
INSERT INTO SupplyDetails (PID, SID, DATEOFSUPPLY, CITY, QTYSUPPLIED) VALUES (45, 113, '2025-02-15', 'Pune', 52)
INSERT INTO SupplyDetails (PID, SID, DATEOFSUPPLY, CITY, QTYSUPPLIED) VALUES (30, 119, '2023-02-13', 'Indore', 38)
INSERT INTO SupplyDetails (PID, SID, DATEOFSUPPLY, CITY, QTYSUPPLIED) VALUES (11, 110, '2024-11-24', 'Kochi', 2)
INSERT INTO SupplyDetails (PID, SID, DATEOFSUPPLY, CITY, QTYSUPPLIED) VALUES (37, 119, '2025-08-20', 'Pune', 30)
INSERT INTO SupplyDetails (PID, SID, DATEOFSUPPLY, CITY, QTYSUPPLIED) VALUES (6, 120, '2024-05-08', 'Hyderabad', 609)
INSERT INTO SupplyDetails (PID, SID, DATEOFSUPPLY, CITY, QTYSUPPLIED) VALUES (25, 111, '2023-09-23', 'Indore', 48)
INSERT INTO SupplyDetails (PID, SID, DATEOFSUPPLY, CITY, QTYSUPPLIED) VALUES (29, 114, '2023-05-11', 'Indore', 10)
INSERT INTO SupplyDetails (PID, SID, DATEOFSUPPLY, CITY, QTYSUPPLIED) VALUES (49, 115, '2024-08-30', 'Kolkata', 394)
INSERT INTO SupplyDetails (PID, SID, DATEOFSUPPLY, CITY, QTYSUPPLIED) VALUES (35, 115, '2024-02-03', 'Chennai', 36)
INSERT INTO SupplyDetails (PID, SID, DATEOFSUPPLY, CITY, QTYSUPPLIED) VALUES (45, 115, '2023-10-06', 'Indore', 46)
INSERT INTO SupplyDetails (PID, SID, DATEOFSUPPLY, CITY, QTYSUPPLIED) VALUES (17, 101, '2024-03-04', 'Pune', 82)
INSERT INTO SupplyDetails (PID, SID, DATEOFSUPPLY, CITY, QTYSUPPLIED) VALUES (31, 103, '2025-02-26', 'Indore', 258)
INSERT INTO SupplyDetails (PID, SID, DATEOFSUPPLY, CITY, QTYSUPPLIED) VALUES (21, 120, '2024-06-11', 'Jaipur', 67)
INSERT INTO SupplyDetails (PID, SID, DATEOFSUPPLY, CITY, QTYSUPPLIED) VALUES (34, 110, '2025-02-23', 'Delhi', 85)
INSERT INTO SupplyDetails (PID, SID, DATEOFSUPPLY, CITY, QTYSUPPLIED) VALUES (21, 103, '2024-10-17', 'Jaipur', 255)
INSERT INTO SupplyDetails (PID, SID, DATEOFSUPPLY, CITY, QTYSUPPLIED) VALUES (24, 115, '2025-07-01', 'Delhi', 73)
INSERT INTO SupplyDetails (PID, SID, DATEOFSUPPLY, CITY, QTYSUPPLIED) VALUES (25, 108, '2025-03-26', 'Kochi', 284)
INSERT INTO SupplyDetails (PID, SID, DATEOFSUPPLY, CITY, QTYSUPPLIED) VALUES (24, 116, '2023-09-15', 'Delhi', 60)
INSERT INTO SupplyDetails (PID, SID, DATEOFSUPPLY, CITY, QTYSUPPLIED) VALUES (11, 108, '2024-11-15', 'Hyderabad', 40)
INSERT INTO SupplyDetails (PID, SID, DATEOFSUPPLY, CITY, QTYSUPPLIED) VALUES (27, 106, '2025-08-05', 'Hyderabad', 42)
INSERT INTO SupplyDetails (PID, SID, DATEOFSUPPLY, CITY, QTYSUPPLIED) VALUES (21, 112, '2025-08-09', 'Kochi', 189)
INSERT INTO SupplyDetails (PID, SID, DATEOFSUPPLY, CITY, QTYSUPPLIED) VALUES (9, 112, '2025-06-07', 'Mumbai', 103)
INSERT INTO SupplyDetails (PID, SID, DATEOFSUPPLY, CITY, QTYSUPPLIED) VALUES (35, 107, '2025-03-31', 'Jaipur', 19)
INSERT INTO SupplyDetails (PID, SID, DATEOFSUPPLY, CITY, QTYSUPPLIED) VALUES (49, 118, '2024-07-16', 'Jaipur', 502)
INSERT INTO SupplyDetails (PID, SID, DATEOFSUPPLY, CITY, QTYSUPPLIED) VALUES (32, 115, '2025-04-08', 'Jaipur', 594)
INSERT INTO SupplyDetails (PID, SID, DATEOFSUPPLY, CITY, QTYSUPPLIED) VALUES (8, 120, '2023-09-08', 'Mumbai', 59)
INSERT INTO SupplyDetails (PID, SID, DATEOFSUPPLY, CITY, QTYSUPPLIED) VALUES (17, 120, '2025-07-05', 'Kolkata', 149)
INSERT INTO SupplyDetails (PID, SID, DATEOFSUPPLY, CITY, QTYSUPPLIED) VALUES (33, 112, '2025-03-05', 'Chennai', 160)
INSERT INTO SupplyDetails (PID, SID, DATEOFSUPPLY, CITY, QTYSUPPLIED) VALUES (17, 112, '2023-05-30', 'Jaipur', 177)
INSERT INTO SupplyDetails (PID, SID, DATEOFSUPPLY, CITY, QTYSUPPLIED) VALUES (38, 118, '2025-09-20', 'Kolkata', 58)
INSERT INTO SupplyDetails (PID, SID, DATEOFSUPPLY, CITY, QTYSUPPLIED) VALUES (10, 107, '2024-10-31', 'Indore', 65)
INSERT INTO SupplyDetails (PID, SID, DATEOFSUPPLY, CITY, QTYSUPPLIED) VALUES (19, 110, '2025-02-02', 'Kochi', 1928)
INSERT INTO SupplyDetails (PID, SID, DATEOFSUPPLY, CITY, QTYSUPPLIED) VALUES (49, 114, '2024-06-19', 'Hyderabad', 463)
INSERT INTO SupplyDetails (PID, SID, DATEOFSUPPLY, CITY, QTYSUPPLIED) VALUES (49, 118, '2023-05-15', 'Pune', 273)
INSERT INTO SupplyDetails (PID, SID, DATEOFSUPPLY, CITY, QTYSUPPLIED) VALUES (26, 111, '2025-02-25', 'Indore', 28)
INSERT INTO SupplyDetails (PID, SID, DATEOFSUPPLY, CITY, QTYSUPPLIED) VALUES (42, 120, '2023-05-10', 'Hyderabad', 155)
INSERT INTO SupplyDetails (PID, SID, DATEOFSUPPLY, CITY, QTYSUPPLIED) VALUES (38, 108, '2023-11-12', 'Jaipur', 119)
INSERT INTO SupplyDetails (PID, SID, DATEOFSUPPLY, CITY, QTYSUPPLIED) VALUES (2, 104, '2024-05-04', 'Mumbai', 207)
INSERT INTO SupplyDetails (PID, SID, DATEOFSUPPLY, CITY, QTYSUPPLIED) VALUES (34, 108, '2024-12-03', 'Bengaluru', 54)
INSERT INTO SupplyDetails (PID, SID, DATEOFSUPPLY, CITY, QTYSUPPLIED) VALUES (15, 105, '2024-09-24', 'Indore', 541)
INSERT INTO SupplyDetails (PID, SID, DATEOFSUPPLY, CITY, QTYSUPPLIED) VALUES (2, 106, '2025-05-07', 'Bengaluru', 40)
INSERT INTO SupplyDetails (PID, SID, DATEOFSUPPLY, CITY, QTYSUPPLIED) VALUES (28, 105, '2024-05-21', 'Delhi', 125)
INSERT INTO SupplyDetails (PID, SID, DATEOFSUPPLY, CITY, QTYSUPPLIED) VALUES (6, 120, '2025-01-08', 'Delhi', 131)
INSERT INTO SupplyDetails (PID, SID, DATEOFSUPPLY, CITY, QTYSUPPLIED) VALUES (11, 102, '2025-01-18', 'Kochi', 8)
INSERT INTO SupplyDetails (PID, SID, DATEOFSUPPLY, CITY, QTYSUPPLIED) VALUES (29, 119, '2024-04-07', 'Kochi', 181)
INSERT INTO SupplyDetails (PID, SID, DATEOFSUPPLY, CITY, QTYSUPPLIED) VALUES (47, 101, '2023-02-18', 'Delhi', 27)
INSERT INTO SupplyDetails (PID, SID, DATEOFSUPPLY, CITY, QTYSUPPLIED) VALUES (17, 104, '2024-01-16', 'Hyderabad', 26)
INSERT INTO SupplyDetails (PID, SID, DATEOFSUPPLY, CITY, QTYSUPPLIED) VALUES (26, 112, '2024-10-26', 'Hyderabad', 225)
INSERT INTO SupplyDetails (PID, SID, DATEOFSUPPLY, CITY, QTYSUPPLIED) VALUES (26, 118, '2024-01-29', 'Kochi', 83)
INSERT INTO SupplyDetails (PID, SID, DATEOFSUPPLY, CITY, QTYSUPPLIED) VALUES (37, 104, '2024-09-20', 'Mumbai', 58)
INSERT INTO SupplyDetails (PID, SID, DATEOFSUPPLY, CITY, QTYSUPPLIED) VALUES (49, 109, '2023-12-10', 'Delhi', 226)
INSERT INTO SupplyDetails (PID, SID, DATEOFSUPPLY, CITY, QTYSUPPLIED) VALUES (44, 104, '2025-04-03', 'Kolkata', 757)
INSERT INTO SupplyDetails (PID, SID, DATEOFSUPPLY, CITY, QTYSUPPLIED) VALUES (7, 103, '2023-08-04', 'Pune', 60)
INSERT INTO SupplyDetails (PID, SID, DATEOFSUPPLY, CITY, QTYSUPPLIED) VALUES (14, 101, '2024-04-15', 'Hyderabad', 652)
INSERT INTO SupplyDetails (PID, SID, DATEOFSUPPLY, CITY, QTYSUPPLIED) VALUES (12, 120, '2024-04-10', 'Indore', 22)
INSERT INTO SupplyDetails (PID, SID, DATEOFSUPPLY, CITY, QTYSUPPLIED) VALUES (18, 120, '2023-02-04', 'Bengaluru', 74)
INSERT INTO SupplyDetails (PID, SID, DATEOFSUPPLY, CITY, QTYSUPPLIED) VALUES (14, 118, '2024-03-03', 'Indore', 734)
INSERT INTO SupplyDetails (PID, SID, DATEOFSUPPLY, CITY, QTYSUPPLIED) VALUES (22, 109, '2024-01-12', 'Hyderabad', 124)
INSERT INTO SupplyDetails (PID, SID, DATEOFSUPPLY, CITY, QTYSUPPLIED) VALUES (10, 111, '2024-02-22', 'Jaipur', 73)
INSERT INTO SupplyDetails (PID, SID, DATEOFSUPPLY, CITY, QTYSUPPLIED) VALUES (50, 112, '2023-12-21', 'Kochi', 145)
INSERT INTO SupplyDetails (PID, SID, DATEOFSUPPLY, CITY, QTYSUPPLIED) VALUES (14, 112, '2024-06-07', 'Jaipur', 659)
INSERT INTO SupplyDetails (PID, SID, DATEOFSUPPLY, CITY, QTYSUPPLIED) VALUES (47, 108, '2024-05-04', 'Indore', 103)
INSERT INTO SupplyDetails (PID, SID, DATEOFSUPPLY, CITY, QTYSUPPLIED) VALUES (48, 105, '2025-07-11', 'Chennai', 24)
INSERT INTO SupplyDetails (PID, SID, DATEOFSUPPLY, CITY, QTYSUPPLIED) VALUES (31, 107, '2023-01-10', 'Chennai', 1014)
INSERT INTO SupplyDetails (PID, SID, DATEOFSUPPLY, CITY, QTYSUPPLIED) VALUES (21, 118, '2024-10-04', 'Chennai', 275)
INSERT INTO SupplyDetails (PID, SID, DATEOFSUPPLY, CITY, QTYSUPPLIED) VALUES (4, 104, '2023-05-01', 'Kochi', 162)
INSERT INTO SupplyDetails (PID, SID, DATEOFSUPPLY, CITY, QTYSUPPLIED) VALUES (32, 101, '2023-03-01', 'Jaipur', 667)
INSERT INTO SupplyDetails (PID, SID, DATEOFSUPPLY, CITY, QTYSUPPLIED) VALUES (34, 111, '2024-11-04', 'Delhi', 85)
INSERT INTO SupplyDetails (PID, SID, DATEOFSUPPLY, CITY, QTYSUPPLIED) VALUES (44, 108, '2024-06-01', 'Mumbai', 633)
INSERT INTO SupplyDetails (PID, SID, DATEOFSUPPLY, CITY, QTYSUPPLIED) VALUES (9, 103, '2024-03-16', 'Indore', 58)
INSERT INTO SupplyDetails (PID, SID, DATEOFSUPPLY, CITY, QTYSUPPLIED) VALUES (5, 102, '2025-07-31', 'Bengaluru', 286)
INSERT INTO SupplyDetails (PID, SID, DATEOFSUPPLY, CITY, QTYSUPPLIED) VALUES (34, 112, '2024-12-10', 'Chennai', 109)
INSERT INTO SupplyDetails (PID, SID, DATEOFSUPPLY, CITY, QTYSUPPLIED) VALUES (7, 118, '2024-05-31', 'Mumbai', 74)
INSERT INTO SupplyDetails (PID, SID, DATEOFSUPPLY, CITY, QTYSUPPLIED) VALUES (17, 101, '2024-11-23', 'Delhi', 13)
INSERT INTO SupplyDetails (PID, SID, DATEOFSUPPLY, CITY, QTYSUPPLIED) VALUES (11, 106, '2024-07-31', 'Chennai', 8)
INSERT INTO SupplyDetails (PID, SID, DATEOFSUPPLY, CITY, QTYSUPPLIED) VALUES (12, 116, '2025-07-01', 'Indore', 32)
INSERT INTO SupplyDetails (PID, SID, DATEOFSUPPLY, CITY, QTYSUPPLIED) VALUES (13, 101, '2023-02-01', 'Indore', 13)
INSERT INTO SupplyDetails (PID, SID, DATEOFSUPPLY, CITY, QTYSUPPLIED) VALUES (32, 105, '2024-06-21', 'Pune', 340)
INSERT INTO SupplyDetails (PID, SID, DATEOFSUPPLY, CITY, QTYSUPPLIED) VALUES (14, 111, '2025-01-31', 'Hyderabad', 405)
INSERT INTO SupplyDetails (PID, SID, DATEOFSUPPLY, CITY, QTYSUPPLIED) VALUES (8, 116, '2024-04-24', 'Delhi', 591)
INSERT INTO SupplyDetails (PID, SID, DATEOFSUPPLY, CITY, QTYSUPPLIED) VALUES (29, 101, '2025-03-04', 'Mumbai', 196)
INSERT INTO SupplyDetails (PID, SID, DATEOFSUPPLY, CITY, QTYSUPPLIED) VALUES (25, 104, '2025-09-18', 'Hyderabad', 158)
INSERT INTO SupplyDetails (PID, SID, DATEOFSUPPLY, CITY, QTYSUPPLIED) VALUES (25, 103, '2023-01-12', 'Indore', 133)
INSERT INTO SupplyDetails (PID, SID, DATEOFSUPPLY, CITY, QTYSUPPLIED) VALUES (13, 113, '2025-07-20', 'Jaipur', 54)
INSERT INTO SupplyDetails (PID, SID, DATEOFSUPPLY, CITY, QTYSUPPLIED) VALUES (16, 103, '2025-02-05', 'Indore', 96)
INSERT INTO SupplyDetails (PID, SID, DATEOFSUPPLY, CITY, QTYSUPPLIED) VALUES (29, 119, '2025-09-24', 'Jaipur', 187)
INSERT INTO SupplyDetails (PID, SID, DATEOFSUPPLY, CITY, QTYSUPPLIED) VALUES (47, 116, '2023-12-24', 'Mumbai', 185)
INSERT INTO SupplyDetails (PID, SID, DATEOFSUPPLY, CITY, QTYSUPPLIED) VALUES (23, 101, '2023-01-05', 'Bengaluru', 23)
INSERT INTO SupplyDetails (PID, SID, DATEOFSUPPLY, CITY, QTYSUPPLIED) VALUES (23, 119, '2023-03-01', 'Mumbai', 5)
INSERT INTO SupplyDetails (PID, SID, DATEOFSUPPLY, CITY, QTYSUPPLIED) VALUES (42, 106, '2025-05-12', 'Hyderabad', 59)
INSERT INTO SupplyDetails (PID, SID, DATEOFSUPPLY, CITY, QTYSUPPLIED) VALUES (21, 108, '2025-02-14', 'Bengaluru', 165)
INSERT INTO SupplyDetails (PID, SID, DATEOFSUPPLY, CITY, QTYSUPPLIED) VALUES (13, 103, '2025-02-16', 'Chennai', 44)
INSERT INTO SupplyDetails (PID, SID, DATEOFSUPPLY, CITY, QTYSUPPLIED) VALUES (4, 103, '2024-09-20', 'Chennai', 29)
INSERT INTO SupplyDetails (PID, SID, DATEOFSUPPLY, CITY, QTYSUPPLIED) VALUES (2, 112, '2025-03-09', 'Jaipur', 228)
INSERT INTO SupplyDetails (PID, SID, DATEOFSUPPLY, CITY, QTYSUPPLIED) VALUES (1, 101, '2023-08-25', 'Bengaluru', 92)
INSERT INTO SupplyDetails (PID, SID, DATEOFSUPPLY, CITY, QTYSUPPLIED) VALUES (43, 102, '2023-10-21', 'Chennai', 78)
INSERT INTO SupplyDetails (PID, SID, DATEOFSUPPLY, CITY, QTYSUPPLIED) VALUES (7, 115, '2023-09-19', 'Mumbai', 58)
INSERT INTO SupplyDetails (PID, SID, DATEOFSUPPLY, CITY, QTYSUPPLIED) VALUES (43, 114, '2023-10-16', 'Mumbai', 124)
INSERT INTO SupplyDetails (PID, SID, DATEOFSUPPLY, CITY, QTYSUPPLIED) VALUES (12, 118, '2023-08-01', 'Kochi', 115)
INSERT INTO SupplyDetails (PID, SID, DATEOFSUPPLY, CITY, QTYSUPPLIED) VALUES (10, 101, '2023-06-19', 'Mumbai', 7)
INSERT INTO SupplyDetails (PID, SID, DATEOFSUPPLY, CITY, QTYSUPPLIED) VALUES (35, 109, '2023-07-27', 'Delhi', 34)
INSERT INTO SupplyDetails (PID, SID, DATEOFSUPPLY, CITY, QTYSUPPLIED) VALUES (44, 109, '2025-05-31', 'Pune', 691)
INSERT INTO SupplyDetails (PID, SID, DATEOFSUPPLY, CITY, QTYSUPPLIED) VALUES (32, 106, '2024-11-06', 'Chennai', 561)
INSERT INTO SupplyDetails (PID, SID, DATEOFSUPPLY, CITY, QTYSUPPLIED) VALUES (16, 117, '2023-07-01', 'Bengaluru', 234)
INSERT INTO SupplyDetails (PID, SID, DATEOFSUPPLY, CITY, QTYSUPPLIED) VALUES (5, 104, '2023-01-22', 'Mumbai', 261)
INSERT INTO SupplyDetails (PID, SID, DATEOFSUPPLY, CITY, QTYSUPPLIED) VALUES (21, 118, '2023-07-27', 'Kochi', 160)
INSERT INTO SupplyDetails (PID, SID, DATEOFSUPPLY, CITY, QTYSUPPLIED) VALUES (39, 117, '2023-08-05', 'Pune', 504)
INSERT INTO SupplyDetails (PID, SID, DATEOFSUPPLY, CITY, QTYSUPPLIED) VALUES (48, 110, '2024-01-02', 'Delhi', 1)
INSERT INTO SupplyDetails (PID, SID, DATEOFSUPPLY, CITY, QTYSUPPLIED) VALUES (27, 116, '2025-07-18', 'Mumbai', 372)
INSERT INTO SupplyDetails (PID, SID, DATEOFSUPPLY, CITY, QTYSUPPLIED) VALUES (4, 112, '2025-04-01', 'Chennai', 190)
INSERT INTO SupplyDetails (PID, SID, DATEOFSUPPLY, CITY, QTYSUPPLIED) VALUES (42, 120, '2024-07-10', 'Chennai', 166)
INSERT INTO SupplyDetails (PID, SID, DATEOFSUPPLY, CITY, QTYSUPPLIED) VALUES (19, 102, '2024-04-04', 'Jaipur', 559)
INSERT INTO SupplyDetails (PID, SID, DATEOFSUPPLY, CITY, QTYSUPPLIED) VALUES (21, 119, '2023-11-07', 'Kolkata', 344)
INSERT INTO SupplyDetails (PID, SID, DATEOFSUPPLY, CITY, QTYSUPPLIED) VALUES (12, 109, '2024-03-05', 'Indore', 34)
INSERT INTO SupplyDetails (PID, SID, DATEOFSUPPLY, CITY, QTYSUPPLIED) VALUES (36, 118, '2023-08-12', 'Kochi', 47)
INSERT INTO SupplyDetails (PID, SID, DATEOFSUPPLY, CITY, QTYSUPPLIED) VALUES (7, 101, '2025-02-01', 'Bengaluru', 12)
INSERT INTO SupplyDetails (PID, SID, DATEOFSUPPLY, CITY, QTYSUPPLIED) VALUES (10, 101, '2024-11-10', 'Kolkata', 11)
INSERT INTO SupplyDetails (PID, SID, DATEOFSUPPLY, CITY, QTYSUPPLIED) VALUES (4, 116, '2025-04-29', 'Mumbai', 174)
INSERT INTO SupplyDetails (PID, SID, DATEOFSUPPLY, CITY, QTYSUPPLIED) VALUES (11, 109, '2024-02-29', 'Jaipur', 44)
INSERT INTO SupplyDetails (PID, SID, DATEOFSUPPLY, CITY, QTYSUPPLIED) VALUES (23, 102, '2023-03-13', 'Bengaluru', 19)
INSERT INTO SupplyDetails (PID, SID, DATEOFSUPPLY, CITY, QTYSUPPLIED) VALUES (7, 118, '2024-11-21', 'Mumbai', 36)
INSERT INTO SupplyDetails (PID, SID, DATEOFSUPPLY, CITY, QTYSUPPLIED) VALUES (3, 112, '2023-01-23', 'Chennai', 94)
INSERT INTO SupplyDetails (PID, SID, DATEOFSUPPLY, CITY, QTYSUPPLIED) VALUES (20, 111, '2023-12-11', 'Chennai', 289)
INSERT INTO SupplyDetails (PID, SID, DATEOFSUPPLY, CITY, QTYSUPPLIED) VALUES (37, 106, '2025-03-01', 'Bengaluru', 16)
INSERT INTO SupplyDetails (PID, SID, DATEOFSUPPLY, CITY, QTYSUPPLIED) VALUES (21, 111, '2023-12-24', 'Jaipur', 392)
INSERT INTO SupplyDetails (PID, SID, DATEOFSUPPLY, CITY, QTYSUPPLIED) VALUES (36, 103, '2023-02-03', 'Indore', 112)
INSERT INTO SupplyDetails (PID, SID, DATEOFSUPPLY, CITY, QTYSUPPLIED) VALUES (43, 114, '2023-04-07', 'Jaipur', 49)
INSERT INTO SupplyDetails (PID, SID, DATEOFSUPPLY, CITY, QTYSUPPLIED) VALUES (50, 111, '2025-06-26', 'Jaipur', 54)
INSERT INTO SupplyDetails (PID, SID, DATEOFSUPPLY, CITY, QTYSUPPLIED) VALUES (38, 107, '2024-07-10', 'Hyderabad', 36)
INSERT INTO SupplyDetails (PID, SID, DATEOFSUPPLY, CITY, QTYSUPPLIED) VALUES (19, 112, '2024-08-19', 'Mumbai', 324)
INSERT INTO SupplyDetails (PID, SID, DATEOFSUPPLY, CITY, QTYSUPPLIED) VALUES (42, 107, '2023-05-18', 'Pune', 145)
INSERT INTO SupplyDetails (PID, SID, DATEOFSUPPLY, CITY, QTYSUPPLIED) VALUES (36, 120, '2024-06-19', 'Hyderabad', 109)
INSERT INTO SupplyDetails (PID, SID, DATEOFSUPPLY, CITY, QTYSUPPLIED) VALUES (37, 119, '2023-08-30', 'Jaipur', 84)
INSERT INTO SupplyDetails (PID, SID, DATEOFSUPPLY, CITY, QTYSUPPLIED) VALUES (47, 111, '2025-06-28', 'Mumbai', 29)
INSERT INTO SupplyDetails (PID, SID, DATEOFSUPPLY, CITY, QTYSUPPLIED) VALUES (11, 113, '2023-06-09', 'Pune', 33)
INSERT INTO SupplyDetails (PID, SID, DATEOFSUPPLY, CITY, QTYSUPPLIED) VALUES (42, 105, '2024-05-18', 'Kochi', 149)
INSERT INTO SupplyDetails (PID, SID, DATEOFSUPPLY, CITY, QTYSUPPLIED) VALUES (42, 104, '2023-07-13', 'Hyderabad', 112)
INSERT INTO SupplyDetails (PID, SID, DATEOFSUPPLY, CITY, QTYSUPPLIED) VALUES (7, 114, '2023-05-29', 'Pune', 23)
INSERT INTO SupplyDetails (PID, SID, DATEOFSUPPLY, CITY, QTYSUPPLIED) VALUES (42, 119, '2024-02-20', 'Indore', 125)
INSERT INTO SupplyDetails (PID, SID, DATEOFSUPPLY, CITY, QTYSUPPLIED) VALUES (15, 120, '2024-10-24', 'Hyderabad', 638)
INSERT INTO SupplyDetails (PID, SID, DATEOFSUPPLY, CITY, QTYSUPPLIED) VALUES (38, 104, '2023-05-02', 'Jaipur', 85)
INSERT INTO SupplyDetails (PID, SID, DATEOFSUPPLY, CITY, QTYSUPPLIED) VALUES (38, 109, '2024-12-21', 'Pune', 4)
INSERT INTO SupplyDetails (PID, SID, DATEOFSUPPLY, CITY, QTYSUPPLIED) VALUES (14, 111, '2024-10-29', 'Kolkata', 724)
INSERT INTO SupplyDetails (PID, SID, DATEOFSUPPLY, CITY, QTYSUPPLIED) VALUES (32, 107, '2023-01-28', 'Delhi', 1305)
INSERT INTO SupplyDetails (PID, SID, DATEOFSUPPLY, CITY, QTYSUPPLIED) VALUES (37, 110, '2024-03-22', 'Kolkata', 55)
INSERT INTO SupplyDetails (PID, SID, DATEOFSUPPLY, CITY, QTYSUPPLIED) VALUES (21, 107, '2023-03-14', 'Delhi', 323)
INSERT INTO SupplyDetails (PID, SID, DATEOFSUPPLY, CITY, QTYSUPPLIED) VALUES (50, 106, '2024-08-12', 'Chennai', 65)
INSERT INTO SupplyDetails (PID, SID, DATEOFSUPPLY, CITY, QTYSUPPLIED) VALUES (34, 114, '2023-10-15', 'Hyderabad', 2)
INSERT INTO SupplyDetails (PID, SID, DATEOFSUPPLY, CITY, QTYSUPPLIED) VALUES (40, 112, '2024-03-23', 'Chennai', 45)
INSERT INTO SupplyDetails (PID, SID, DATEOFSUPPLY, CITY, QTYSUPPLIED) VALUES (33, 108, '2024-05-19', 'Jaipur', 61)
INSERT INTO SupplyDetails (PID, SID, DATEOFSUPPLY, CITY, QTYSUPPLIED) VALUES (35, 112, '2025-02-17', 'Bengaluru', 44)
INSERT INTO SupplyDetails (PID, SID, DATEOFSUPPLY, CITY, QTYSUPPLIED) VALUES (14, 118, '2025-03-03', 'Hyderabad', 56)
INSERT INTO SupplyDetails (PID, SID, DATEOFSUPPLY, CITY, QTYSUPPLIED) VALUES (33, 109, '2024-03-13', 'Delhi', 83)
INSERT INTO SupplyDetails (PID, SID, DATEOFSUPPLY, CITY, QTYSUPPLIED) VALUES (19, 101, '2025-03-23', 'Indore', 197)
INSERT INTO SupplyDetails (PID, SID, DATEOFSUPPLY, CITY, QTYSUPPLIED) VALUES (24, 102, '2023-06-28', 'Chennai', 62)
INSERT INTO SupplyDetails (PID, SID, DATEOFSUPPLY, CITY, QTYSUPPLIED) VALUES (11, 104, '2024-06-26', 'Mumbai', 13)
INSERT INTO SupplyDetails (PID, SID, DATEOFSUPPLY, CITY, QTYSUPPLIED) VALUES (21, 120, '2023-01-10', 'Mumbai', 289)
INSERT INTO SupplyDetails (PID, SID, DATEOFSUPPLY, CITY, QTYSUPPLIED) VALUES (16, 105, '2023-05-28', 'Delhi', 218)
INSERT INTO SupplyDetails (PID, SID, DATEOFSUPPLY, CITY, QTYSUPPLIED) VALUES (47, 103, '2025-05-30', 'Chennai', 64)
INSERT INTO SupplyDetails (PID, SID, DATEOFSUPPLY, CITY, QTYSUPPLIED) VALUES (10, 108, '2024-10-24', 'Indore', 15)
INSERT INTO SupplyDetails (PID, SID, DATEOFSUPPLY, CITY, QTYSUPPLIED) VALUES (18, 119, '2023-05-16', 'Kochi', 27)
INSERT INTO SupplyDetails (PID, SID, DATEOFSUPPLY, CITY, QTYSUPPLIED) VALUES (35, 120, '2023-05-23', 'Pune', 18)
INSERT INTO SupplyDetails (PID, SID, DATEOFSUPPLY, CITY, QTYSUPPLIED) VALUES (19, 103, '2025-06-13', 'Pune', 379)
INSERT INTO SupplyDetails (PID, SID, DATEOFSUPPLY, CITY, QTYSUPPLIED) VALUES (6, 118, '2023-02-21', 'Bengaluru', 295)
INSERT INTO SupplyDetails (PID, SID, DATEOFSUPPLY, CITY, QTYSUPPLIED) VALUES (41, 118, '2024-12-22', 'Mumbai', 69)
INSERT INTO SupplyDetails (PID, SID, DATEOFSUPPLY, CITY, QTYSUPPLIED) VALUES (33, 117, '2025-04-04', 'Chennai', 213)
INSERT INTO SupplyDetails (PID, SID, DATEOFSUPPLY, CITY, QTYSUPPLIED) VALUES (13, 115, '2024-09-19', 'Kochi', 53)
INSERT INTO SupplyDetails (PID, SID, DATEOFSUPPLY, CITY, QTYSUPPLIED) VALUES (22, 110, '2023-08-26', 'Kochi', 38)
INSERT INTO SupplyDetails (PID, SID, DATEOFSUPPLY, CITY, QTYSUPPLIED) VALUES (7, 103, '2023-06-01', 'Pune', 82)
INSERT INTO SupplyDetails (PID, SID, DATEOFSUPPLY, CITY, QTYSUPPLIED) VALUES (6, 108, '2024-02-03', 'Jaipur', 11)
INSERT INTO SupplyDetails (PID, SID, DATEOFSUPPLY, CITY, QTYSUPPLIED) VALUES (49, 116, '2025-01-12', 'Kochi', 195)
INSERT INTO SupplyDetails (PID, SID, DATEOFSUPPLY, CITY, QTYSUPPLIED) VALUES (3, 116, '2023-06-11', 'Jaipur', 70)
INSERT INTO SupplyDetails (PID, SID, DATEOFSUPPLY, CITY, QTYSUPPLIED) VALUES (14, 120, '2024-02-21', 'Kolkata', 422)
INSERT INTO SupplyDetails (PID, SID, DATEOFSUPPLY, CITY, QTYSUPPLIED) VALUES (22, 114, '2024-11-19', 'Mumbai', 57)
INSERT INTO SupplyDetails (PID, SID, DATEOFSUPPLY, CITY, QTYSUPPLIED) VALUES (15, 107, '2024-10-23', 'Bengaluru', 880)
INSERT INTO SupplyDetails (PID, SID, DATEOFSUPPLY, CITY, QTYSUPPLIED) VALUES (50, 115, '2024-09-18', 'Mumbai', 271)
INSERT INTO SupplyDetails (PID, SID, DATEOFSUPPLY, CITY, QTYSUPPLIED) VALUES (11, 106, '2024-02-14', 'Mumbai', 14)
INSERT INTO SupplyDetails (PID, SID, DATEOFSUPPLY, CITY, QTYSUPPLIED) VALUES (13, 103, '2023-06-21', 'Indore', 56)
INSERT INTO SupplyDetails (PID, SID, DATEOFSUPPLY, CITY, QTYSUPPLIED) VALUES (8, 118, '2025-06-05', 'Pune', 593)
INSERT INTO SupplyDetails (PID, SID, DATEOFSUPPLY, CITY, QTYSUPPLIED) VALUES (8, 108, '2025-02-26', 'Kolkata', 184)
INSERT INTO SupplyDetails (PID, SID, DATEOFSUPPLY, CITY, QTYSUPPLIED) VALUES (36, 105, '2025-01-07', 'Jaipur', 122)
INSERT INTO SupplyDetails (PID, SID, DATEOFSUPPLY, CITY, QTYSUPPLIED) VALUES (4, 112, '2025-02-01', 'Pune', 165)
INSERT INTO SupplyDetails (PID, SID, DATEOFSUPPLY, CITY, QTYSUPPLIED) VALUES (8, 117, '2023-05-15', 'Bengaluru', 44)
INSERT INTO SupplyDetails (PID, SID, DATEOFSUPPLY, CITY, QTYSUPPLIED) VALUES (17, 104, '2024-05-07', 'Delhi', 100)
INSERT INTO SupplyDetails (PID, SID, DATEOFSUPPLY, CITY, QTYSUPPLIED) VALUES (27, 119, '2024-08-22', 'Delhi', 205)
INSERT INTO SupplyDetails (PID, SID, DATEOFSUPPLY, CITY, QTYSUPPLIED) VALUES (50, 102, '2025-08-29', 'Indore', 127)
INSERT INTO SupplyDetails (PID, SID, DATEOFSUPPLY, CITY, QTYSUPPLIED) VALUES (29, 115, '2023-12-01', 'Jaipur', 171)
INSERT INTO SupplyDetails (PID, SID, DATEOFSUPPLY, CITY, QTYSUPPLIED) VALUES (9, 117, '2025-01-24', 'Bengaluru', 64)
INSERT INTO SupplyDetails (PID, SID, DATEOFSUPPLY, CITY, QTYSUPPLIED) VALUES (45, 106, '2023-02-23', 'Delhi', 40)
INSERT INTO SupplyDetails (PID, SID, DATEOFSUPPLY, CITY, QTYSUPPLIED) VALUES (14, 103, '2024-01-31', 'Bengaluru', 268)
INSERT INTO SupplyDetails (PID, SID, DATEOFSUPPLY, CITY, QTYSUPPLIED) VALUES (27, 112, '2025-07-13', 'Hyderabad', 129)
INSERT INTO SupplyDetails (PID, SID, DATEOFSUPPLY, CITY, QTYSUPPLIED) VALUES (3, 116, '2025-07-10', 'Delhi', 41)
INSERT INTO SupplyDetails (PID, SID, DATEOFSUPPLY, CITY, QTYSUPPLIED) VALUES (30, 119, '2025-03-13', 'Bengaluru', 55)
INSERT INTO SupplyDetails (PID, SID, DATEOFSUPPLY, CITY, QTYSUPPLIED) VALUES (6, 115, '2025-05-17', 'Mumbai', 739)
INSERT INTO SupplyDetails (PID, SID, DATEOFSUPPLY, CITY, QTYSUPPLIED) VALUES (4, 109, '2025-07-07', 'Kolkata', 117)
INSERT INTO SupplyDetails (PID, SID, DATEOFSUPPLY, CITY, QTYSUPPLIED) VALUES (41, 112, '2023-02-15', 'Mumbai', 22)
INSERT INTO SupplyDetails (PID, SID, DATEOFSUPPLY, CITY, QTYSUPPLIED) VALUES (19, 117, '2025-09-24', 'Jaipur', 1132)
INSERT INTO SupplyDetails (PID, SID, DATEOFSUPPLY, CITY, QTYSUPPLIED) VALUES (24, 119, '2023-01-20', 'Indore', 34)
INSERT INTO SupplyDetails (PID, SID, DATEOFSUPPLY, CITY, QTYSUPPLIED) VALUES (47, 120, '2025-02-02', 'Bengaluru', 13)
INSERT INTO SupplyDetails (PID, SID, DATEOFSUPPLY, CITY, QTYSUPPLIED) VALUES (2, 119, '2024-01-21', 'Hyderabad', 348)
INSERT INTO SupplyDetails (PID, SID, DATEOFSUPPLY, CITY, QTYSUPPLIED) VALUES (29, 108, '2025-06-18', 'Kochi', 144)
INSERT INTO SupplyDetails (PID, SID, DATEOFSUPPLY, CITY, QTYSUPPLIED) VALUES (21, 115, '2024-10-29', 'Pune', 170)
INSERT INTO SupplyDetails (PID, SID, DATEOFSUPPLY, CITY, QTYSUPPLIED) VALUES (26, 109, '2025-08-02', 'Kolkata', 144)
INSERT INTO SupplyDetails (PID, SID, DATEOFSUPPLY, CITY, QTYSUPPLIED) VALUES (23, 114, '2025-01-31', 'Hyderabad', 28)
INSERT INTO SupplyDetails (PID, SID, DATEOFSUPPLY, CITY, QTYSUPPLIED) VALUES (29, 103, '2023-09-05', 'Pune', 79)
INSERT INTO SupplyDetails (PID, SID, DATEOFSUPPLY, CITY, QTYSUPPLIED) VALUES (33, 110, '2024-05-27', 'Pune', 507)
INSERT INTO SupplyDetails (PID, SID, DATEOFSUPPLY, CITY, QTYSUPPLIED) VALUES (24, 109, '2024-05-25', 'Mumbai', 79)
INSERT INTO SupplyDetails (PID, SID, DATEOFSUPPLY, CITY, QTYSUPPLIED) VALUES (13, 106, '2025-05-29', 'Bengaluru', 1)
INSERT INTO SupplyDetails (PID, SID, DATEOFSUPPLY, CITY, QTYSUPPLIED) VALUES (21, 112, '2024-05-08', 'Bengaluru', 69)
INSERT INTO SupplyDetails (PID, SID, DATEOFSUPPLY, CITY, QTYSUPPLIED) VALUES (34, 117, '2024-02-24', 'Delhi', 86)
INSERT INTO SupplyDetails (PID, SID, DATEOFSUPPLY, CITY, QTYSUPPLIED) VALUES (16, 119, '2024-01-01', 'Indore', 234)
INSERT INTO SupplyDetails (PID, SID, DATEOFSUPPLY, CITY, QTYSUPPLIED) VALUES (7, 118, '2023-06-29', 'Indore', 83)
INSERT INTO SupplyDetails (PID, SID, DATEOFSUPPLY, CITY, QTYSUPPLIED) VALUES (18, 105, '2023-01-05', 'Mumbai', 166)
INSERT INTO SupplyDetails (PID, SID, DATEOFSUPPLY, CITY, QTYSUPPLIED) VALUES (33, 114, '2024-11-14', 'Mumbai', 54)
INSERT INTO SupplyDetails (PID, SID, DATEOFSUPPLY, CITY, QTYSUPPLIED) VALUES (11, 120, '2024-05-05', 'Mumbai', 5)
INSERT INTO SupplyDetails (PID, SID, DATEOFSUPPLY, CITY, QTYSUPPLIED) VALUES (38, 103, '2023-02-13', 'Indore', 43)
INSERT INTO SupplyDetails (PID, SID, DATEOFSUPPLY, CITY, QTYSUPPLIED) VALUES (22, 106, '2023-12-03', 'Delhi', 24)
INSERT INTO SupplyDetails (PID, SID, DATEOFSUPPLY, CITY, QTYSUPPLIED) VALUES (7, 116, '2025-02-27', 'Indore', 22)
INSERT INTO SupplyDetails (PID, SID, DATEOFSUPPLY, CITY, QTYSUPPLIED) VALUES (3, 114, '2023-05-18', 'Kochi', 15)
INSERT INTO SupplyDetails (PID, SID, DATEOFSUPPLY, CITY, QTYSUPPLIED) VALUES (33, 111, '2024-11-22', 'Kolkata', 374)
INSERT INTO SupplyDetails (PID, SID, DATEOFSUPPLY, CITY, QTYSUPPLIED) VALUES (43, 115, '2025-03-03', 'Bengaluru', 8)
INSERT INTO SupplyDetails (PID, SID, DATEOFSUPPLY, CITY, QTYSUPPLIED) VALUES (2, 101, '2023-09-11', 'Hyderabad', 522)
INSERT INTO SupplyDetails (PID, SID, DATEOFSUPPLY, CITY, QTYSUPPLIED) VALUES (30, 115, '2023-06-13', 'Chennai', 88)
INSERT INTO SupplyDetails (PID, SID, DATEOFSUPPLY, CITY, QTYSUPPLIED) VALUES (13, 116, '2025-02-21', 'Jaipur', 46)
INSERT INTO SupplyDetails (PID, SID, DATEOFSUPPLY, CITY, QTYSUPPLIED) VALUES (7, 101, '2024-04-27', 'Bengaluru', 84)
INSERT INTO SupplyDetails (PID, SID, DATEOFSUPPLY, CITY, QTYSUPPLIED) VALUES (25, 117, '2025-01-05', 'Kochi', 18)
INSERT INTO SupplyDetails (PID, SID, DATEOFSUPPLY, CITY, QTYSUPPLIED) VALUES (44, 102, '2023-09-13', 'Pune', 488)
INSERT INTO SupplyDetails (PID, SID, DATEOFSUPPLY, CITY, QTYSUPPLIED) VALUES (12, 104, '2024-11-26', 'Indore', 3)
INSERT INTO SupplyDetails (PID, SID, DATEOFSUPPLY, CITY, QTYSUPPLIED) VALUES (11, 103, '2024-03-26', 'Bengaluru', 19)
INSERT INTO SupplyDetails (PID, SID, DATEOFSUPPLY, CITY, QTYSUPPLIED) VALUES (49, 111, '2025-04-04', 'Mumbai', 385)
INSERT INTO SupplyDetails (PID, SID, DATEOFSUPPLY, CITY, QTYSUPPLIED) VALUES (8, 114, '2025-01-24', 'Kolkata', 258)
INSERT INTO SupplyDetails (PID, SID, DATEOFSUPPLY, CITY, QTYSUPPLIED) VALUES (9, 114, '2023-09-18', 'Mumbai', 66)
INSERT INTO SupplyDetails (PID, SID, DATEOFSUPPLY, CITY, QTYSUPPLIED) VALUES (25, 107, '2025-02-06', 'Kolkata', 52)
INSERT INTO SupplyDetails (PID, SID, DATEOFSUPPLY, CITY, QTYSUPPLIED) VALUES (48, 108, '2023-02-18', 'Mumbai', 8)
INSERT INTO SupplyDetails (PID, SID, DATEOFSUPPLY, CITY, QTYSUPPLIED) VALUES (32, 107, '2023-10-29', 'Mumbai', 740)
INSERT INTO SupplyDetails (PID, SID, DATEOFSUPPLY, CITY, QTYSUPPLIED) VALUES (37, 104, '2023-03-27', 'Bengaluru', 30)
INSERT INTO SupplyDetails (PID, SID, DATEOFSUPPLY, CITY, QTYSUPPLIED) VALUES (40, 113, '2023-08-06', 'Hyderabad', 64)
INSERT INTO SupplyDetails (PID, SID, DATEOFSUPPLY, CITY, QTYSUPPLIED) VALUES (4, 113, '2024-09-05', 'Chennai', 152)
INSERT INTO SupplyDetails (PID, SID, DATEOFSUPPLY, CITY, QTYSUPPLIED) VALUES (38, 107, '2023-05-03', 'Chennai', 72)
INSERT INTO SupplyDetails (PID, SID, DATEOFSUPPLY, CITY, QTYSUPPLIED) VALUES (29, 105, '2023-07-05', 'Delhi', 301)
INSERT INTO SupplyDetails (PID, SID, DATEOFSUPPLY, CITY, QTYSUPPLIED) VALUES (40, 113, '2024-06-12', 'Jaipur', 8)
INSERT INTO SupplyDetails (PID, SID, DATEOFSUPPLY, CITY, QTYSUPPLIED) VALUES (43, 111, '2025-04-13', 'Bengaluru', 202)
INSERT INTO SupplyDetails (PID, SID, DATEOFSUPPLY, CITY, QTYSUPPLIED) VALUES (30, 115, '2024-07-19', 'Delhi', 7)
INSERT INTO SupplyDetails (PID, SID, DATEOFSUPPLY, CITY, QTYSUPPLIED) VALUES (39, 116, '2025-09-01', 'Mumbai', 937)
INSERT INTO SupplyDetails (PID, SID, DATEOFSUPPLY, CITY, QTYSUPPLIED) VALUES (22, 112, '2025-08-20', 'Delhi', 207)
INSERT INTO SupplyDetails (PID, SID, DATEOFSUPPLY, CITY, QTYSUPPLIED) VALUES (31, 101, '2024-07-02', 'Bengaluru', 1198)
INSERT INTO SupplyDetails (PID, SID, DATEOFSUPPLY, CITY, QTYSUPPLIED) VALUES (45, 114, '2024-04-13', 'Hyderabad', 44)
INSERT INTO SupplyDetails (PID, SID, DATEOFSUPPLY, CITY, QTYSUPPLIED) VALUES (6, 105, '2023-10-30', 'Chennai', 766)
INSERT INTO SupplyDetails (PID, SID, DATEOFSUPPLY, CITY, QTYSUPPLIED) VALUES (47, 115, '2025-07-23', 'Mumbai', 125)
INSERT INTO SupplyDetails (PID, SID, DATEOFSUPPLY, CITY, QTYSUPPLIED) VALUES (25, 101, '2024-08-11', 'Jaipur', 122)
INSERT INTO SupplyDetails (PID, SID, DATEOFSUPPLY, CITY, QTYSUPPLIED) VALUES (16, 102, '2023-05-11', 'Jaipur', 177)
INSERT INTO SupplyDetails (PID, SID, DATEOFSUPPLY, CITY, QTYSUPPLIED) VALUES (14, 110, '2024-05-08', 'Kochi', 859)
INSERT INTO SupplyDetails (PID, SID, DATEOFSUPPLY, CITY, QTYSUPPLIED) VALUES (30, 103, '2024-05-09', 'Bengaluru', 56)
INSERT INTO SupplyDetails (PID, SID, DATEOFSUPPLY, CITY, QTYSUPPLIED) VALUES (36, 118, '2023-11-04', 'Mumbai', 105)
INSERT INTO SupplyDetails (PID, SID, DATEOFSUPPLY, CITY, QTYSUPPLIED) VALUES (19, 119, '2024-09-23', 'Hyderabad', 294)
INSERT INTO SupplyDetails (PID, SID, DATEOFSUPPLY, CITY, QTYSUPPLIED) VALUES (21, 107, '2025-04-26', 'Bengaluru', 182)
INSERT INTO SupplyDetails (PID, SID, DATEOFSUPPLY, CITY, QTYSUPPLIED) VALUES (2, 103, '2024-02-28', 'Hyderabad', 305)
INSERT INTO SupplyDetails (PID, SID, DATEOFSUPPLY, CITY, QTYSUPPLIED) VALUES (26, 103, '2023-05-29', 'Chennai', 14)
INSERT INTO SupplyDetails (PID, SID, DATEOFSUPPLY, CITY, QTYSUPPLIED) VALUES (18, 118, '2023-08-09', 'Pune', 60)
INSERT INTO SupplyDetails (PID, SID, DATEOFSUPPLY, CITY, QTYSUPPLIED) VALUES (50, 101, '2024-05-03', 'Kolkata', 181)
INSERT INTO SupplyDetails (PID, SID, DATEOFSUPPLY, CITY, QTYSUPPLIED) VALUES (39, 107, '2025-07-27', 'Bengaluru', 78)
INSERT INTO SupplyDetails (PID, SID, DATEOFSUPPLY, CITY, QTYSUPPLIED) VALUES (18, 107, '2024-11-24', 'Jaipur', 184)
INSERT INTO SupplyDetails (PID, SID, DATEOFSUPPLY, CITY, QTYSUPPLIED) VALUES (1, 112, '2025-07-30', 'Indore', 165)
INSERT INTO SupplyDetails (PID, SID, DATEOFSUPPLY, CITY, QTYSUPPLIED) VALUES (28, 104, '2024-07-09', 'Chennai', 90)
INSERT INTO SupplyDetails (PID, SID, DATEOFSUPPLY, CITY, QTYSUPPLIED) VALUES (43, 105, '2024-04-24', 'Kochi', 152)
INSERT INTO SupplyDetails (PID, SID, DATEOFSUPPLY, CITY, QTYSUPPLIED) VALUES (30, 107, '2025-05-28', 'Jaipur', 48)
INSERT INTO SupplyDetails (PID, SID, DATEOFSUPPLY, CITY, QTYSUPPLIED) VALUES (40, 114, '2023-09-12', 'Hyderabad', 50)
INSERT INTO SupplyDetails (PID, SID, DATEOFSUPPLY, CITY, QTYSUPPLIED) VALUES (12, 113, '2025-08-16', 'Indore', 65)
INSERT INTO SupplyDetails (PID, SID, DATEOFSUPPLY, CITY, QTYSUPPLIED) VALUES (40, 113, '2024-04-24', 'Kochi', 63)
INSERT INTO SupplyDetails (PID, SID, DATEOFSUPPLY, CITY, QTYSUPPLIED) VALUES (42, 109, '2023-08-10', 'Mumbai', 33)
INSERT INTO SupplyDetails (PID, SID, DATEOFSUPPLY, CITY, QTYSUPPLIED) VALUES (5, 118, '2025-04-16', 'Kolkata', 87)
INSERT INTO SupplyDetails (PID, SID, DATEOFSUPPLY, CITY, QTYSUPPLIED) VALUES (38, 101, '2024-05-09', 'Indore', 137)
INSERT INTO SupplyDetails (PID, SID, DATEOFSUPPLY, CITY, QTYSUPPLIED) VALUES (47, 107, '2024-12-19', 'Indore', 81)
INSERT INTO SupplyDetails (PID, SID, DATEOFSUPPLY, CITY, QTYSUPPLIED) VALUES (32, 112, '2023-11-08', 'Kolkata', 539)
INSERT INTO SupplyDetails (PID, SID, DATEOFSUPPLY, CITY, QTYSUPPLIED) VALUES (34, 106, '2025-04-06', 'Kolkata', 183)
INSERT INTO SupplyDetails (PID, SID, DATEOFSUPPLY, CITY, QTYSUPPLIED) VALUES (50, 110, '2023-01-29', 'Bengaluru', 103)
INSERT INTO SupplyDetails (PID, SID, DATEOFSUPPLY, CITY, QTYSUPPLIED) VALUES (23, 111, '2024-10-07', 'Hyderabad', 1)
INSERT INTO SupplyDetails (PID, SID, DATEOFSUPPLY, CITY, QTYSUPPLIED) VALUES (6, 119, '2025-03-05', 'Hyderabad', 277)
INSERT INTO SupplyDetails (PID, SID, DATEOFSUPPLY, CITY, QTYSUPPLIED) VALUES (18, 109, '2024-10-27', 'Mumbai', 179)
INSERT INTO SupplyDetails (PID, SID, DATEOFSUPPLY, CITY, QTYSUPPLIED) VALUES (44, 102, '2023-05-22', 'Indore', 776)
INSERT INTO SupplyDetails (PID, SID, DATEOFSUPPLY, CITY, QTYSUPPLIED) VALUES (28, 113, '2025-09-19', 'Jaipur', 14)
INSERT INTO SupplyDetails (PID, SID, DATEOFSUPPLY, CITY, QTYSUPPLIED) VALUES (17, 107, '2025-01-24', 'Chennai', 26)
INSERT INTO SupplyDetails (PID, SID, DATEOFSUPPLY, CITY, QTYSUPPLIED) VALUES (33, 113, '2025-09-04', 'Bengaluru', 607)
INSERT INTO SupplyDetails (PID, SID, DATEOFSUPPLY, CITY, QTYSUPPLIED) VALUES (29, 108, '2025-01-05', 'Bengaluru', 128)
INSERT INTO SupplyDetails (PID, SID, DATEOFSUPPLY, CITY, QTYSUPPLIED) VALUES (22, 117, '2025-09-15', 'Mumbai', 193)
INSERT INTO SupplyDetails (PID, SID, DATEOFSUPPLY, CITY, QTYSUPPLIED) VALUES (14, 109, '2023-08-07', 'Kochi', 314)
INSERT INTO SupplyDetails (PID, SID, DATEOFSUPPLY, CITY, QTYSUPPLIED) VALUES (9, 116, '2023-06-05', 'Kolkata', 23)
INSERT INTO SupplyDetails (PID, SID, DATEOFSUPPLY, CITY, QTYSUPPLIED) VALUES (40, 105, '2024-06-26', 'Kochi', 51)
INSERT INTO SupplyDetails (PID, SID, DATEOFSUPPLY, CITY, QTYSUPPLIED) VALUES (8, 120, '2025-07-28', 'Jaipur', 678)
INSERT INTO SupplyDetails (PID, SID, DATEOFSUPPLY, CITY, QTYSUPPLIED) VALUES (20, 106, '2023-02-17', 'Hyderabad', 121)
INSERT INTO SupplyDetails (PID, SID, DATEOFSUPPLY, CITY, QTYSUPPLIED) VALUES (12, 117, '2025-05-15', 'Mumbai', 73)
INSERT INTO SupplyDetails (PID, SID, DATEOFSUPPLY, CITY, QTYSUPPLIED) VALUES (14, 111, '2025-08-02', 'Mumbai', 791)
INSERT INTO SupplyDetails (PID, SID, DATEOFSUPPLY, CITY, QTYSUPPLIED) VALUES (26, 109, '2024-03-20', 'Chennai', 82)
INSERT INTO SupplyDetails (PID, SID, DATEOFSUPPLY, CITY, QTYSUPPLIED) VALUES (19, 111, '2023-09-10', 'Pune', 1633)
INSERT INTO SupplyDetails (PID, SID, DATEOFSUPPLY, CITY, QTYSUPPLIED) VALUES (25, 113, '2023-05-20', 'Bengaluru', 149)
INSERT INTO SupplyDetails (PID, SID, DATEOFSUPPLY, CITY, QTYSUPPLIED) VALUES (17, 104, '2025-02-09', 'Delhi', 36)
INSERT INTO SupplyDetails (PID, SID, DATEOFSUPPLY, CITY, QTYSUPPLIED) VALUES (22, 110, '2025-09-15', 'Bengaluru', 115)
INSERT INTO SupplyDetails (PID, SID, DATEOFSUPPLY, CITY, QTYSUPPLIED) VALUES (50, 113, '2023-07-25', 'Jaipur', 210)
INSERT INTO SupplyDetails (PID, SID, DATEOFSUPPLY, CITY, QTYSUPPLIED) VALUES (29, 116, '2023-08-01', 'Kolkata', 14)
INSERT INTO SupplyDetails (PID, SID, DATEOFSUPPLY, CITY, QTYSUPPLIED) VALUES (5, 112, '2025-06-15', 'Delhi', 18)
INSERT INTO SupplyDetails (PID, SID, DATEOFSUPPLY, CITY, QTYSUPPLIED) VALUES (41, 104, '2025-04-05', 'Indore', 34)
INSERT INTO SupplyDetails (PID, SID, DATEOFSUPPLY, CITY, QTYSUPPLIED) VALUES (36, 110, '2024-09-10', 'Bengaluru', 31)
INSERT INTO SupplyDetails (PID, SID, DATEOFSUPPLY, CITY, QTYSUPPLIED) VALUES (37, 116, '2024-01-01', 'Hyderabad', 22)
INSERT INTO SupplyDetails (PID, SID, DATEOFSUPPLY, CITY, QTYSUPPLIED) VALUES (34, 114, '2025-08-15', 'Delhi', 183)
INSERT INTO SupplyDetails (PID, SID, DATEOFSUPPLY, CITY, QTYSUPPLIED) VALUES (11, 118, '2023-10-20', 'Kolkata', 43)
INSERT INTO SupplyDetails (PID, SID, DATEOFSUPPLY, CITY, QTYSUPPLIED) VALUES (16, 120, '2025-01-30', 'Mumbai', 70)
INSERT INTO SupplyDetails (PID, SID, DATEOFSUPPLY, CITY, QTYSUPPLIED) VALUES (15, 103, '2024-02-20', 'Indore', 187)
INSERT INTO SupplyDetails (PID, SID, DATEOFSUPPLY, CITY, QTYSUPPLIED) VALUES (37, 120, '2025-04-29', 'Pune', 39)
INSERT INTO SupplyDetails (PID, SID, DATEOFSUPPLY, CITY, QTYSUPPLIED) VALUES (3, 120, '2023-04-16', 'Indore', 44)
INSERT INTO SupplyDetails (PID, SID, DATEOFSUPPLY, CITY, QTYSUPPLIED) VALUES (22, 108, '2024-03-23', 'Bengaluru', 61)
INSERT INTO SupplyDetails (PID, SID, DATEOFSUPPLY, CITY, QTYSUPPLIED) VALUES (43, 109, '2024-10-18', 'Delhi', 188)
INSERT INTO SupplyDetails (PID, SID, DATEOFSUPPLY, CITY, QTYSUPPLIED) VALUES (11, 112, '2025-06-26', 'Hyderabad', 44)
INSERT INTO SupplyDetails (PID, SID, DATEOFSUPPLY, CITY, QTYSUPPLIED) VALUES (40, 111, '2025-03-23', 'Jaipur', 79)
INSERT INTO SupplyDetails (PID, SID, DATEOFSUPPLY, CITY, QTYSUPPLIED) VALUES (23, 107, '2025-03-03', 'Bengaluru', 15)
INSERT INTO SupplyDetails (PID, SID, DATEOFSUPPLY, CITY, QTYSUPPLIED) VALUES (29, 114, '2023-01-29', 'Jaipur', 69)
INSERT INTO SupplyDetails (PID, SID, DATEOFSUPPLY, CITY, QTYSUPPLIED) VALUES (38, 104, '2024-11-21', 'Chennai', 54)
INSERT INTO SupplyDetails (PID, SID, DATEOFSUPPLY, CITY, QTYSUPPLIED) VALUES (21, 109, '2023-07-26', 'Indore', 2)
INSERT INTO SupplyDetails (PID, SID, DATEOFSUPPLY, CITY, QTYSUPPLIED) VALUES (39, 103, '2024-01-30', 'Kolkata', 629)
INSERT INTO SupplyDetails (PID, SID, DATEOFSUPPLY, CITY, QTYSUPPLIED) VALUES (6, 110, '2024-03-30', 'Mumbai', 455)
INSERT INTO SupplyDetails (PID, SID, DATEOFSUPPLY, CITY, QTYSUPPLIED) VALUES (50, 116, '2025-04-29', 'Kolkata', 231)
INSERT INTO SupplyDetails (PID, SID, DATEOFSUPPLY, CITY, QTYSUPPLIED) VALUES (7, 107, '2023-03-17', 'Delhi', 84)
INSERT INTO SupplyDetails (PID, SID, DATEOFSUPPLY, CITY, QTYSUPPLIED) VALUES (47, 115, '2025-07-13', 'Kochi', 187)
INSERT INTO SupplyDetails (PID, SID, DATEOFSUPPLY, CITY, QTYSUPPLIED) VALUES (34, 116, '2023-01-07', 'Kolkata', 29)
INSERT INTO SupplyDetails (PID, SID, DATEOFSUPPLY, CITY, QTYSUPPLIED) VALUES (10, 106, '2024-12-23', 'Delhi', 42)
INSERT INTO SupplyDetails (PID, SID, DATEOFSUPPLY, CITY, QTYSUPPLIED) VALUES (22, 101, '2023-12-03', 'Kolkata', 206)
INSERT INTO SupplyDetails (PID, SID, DATEOFSUPPLY, CITY, QTYSUPPLIED) VALUES (32, 106, '2025-03-19', 'Kochi', 282)
INSERT INTO SupplyDetails (PID, SID, DATEOFSUPPLY, CITY, QTYSUPPLIED) VALUES (22, 107, '2023-08-01', 'Hyderabad', 190)
INSERT INTO SupplyDetails (PID, SID, DATEOFSUPPLY, CITY, QTYSUPPLIED) VALUES (41, 109, '2023-09-25', 'Jaipur', 62)
INSERT INTO SupplyDetails (PID, SID, DATEOFSUPPLY, CITY, QTYSUPPLIED) VALUES (50, 103, '2024-07-30', 'Pune', 52)
INSERT INTO SupplyDetails (PID, SID, DATEOFSUPPLY, CITY, QTYSUPPLIED) VALUES (50, 102, '2024-05-03', 'Pune', 36)
INSERT INTO SupplyDetails (PID, SID, DATEOFSUPPLY, CITY, QTYSUPPLIED) VALUES (50, 117, '2024-09-20', 'Indore', 8)
INSERT INTO SupplyDetails (PID, SID, DATEOFSUPPLY, CITY, QTYSUPPLIED) VALUES (30, 120, '2024-02-03', 'Hyderabad', 1)
INSERT INTO SupplyDetails (PID, SID, DATEOFSUPPLY, CITY, QTYSUPPLIED) VALUES (17, 116, '2025-08-07', 'Jaipur', 10)
INSERT INTO SupplyDetails (PID, SID, DATEOFSUPPLY, CITY, QTYSUPPLIED) VALUES (17, 104, '2023-06-02', 'Indore', 52)
INSERT INTO SupplyDetails (PID, SID, DATEOFSUPPLY, CITY, QTYSUPPLIED) VALUES (2, 102, '2025-05-27', 'Mumbai', 204)
INSERT INTO SupplyDetails (PID, SID, DATEOFSUPPLY, CITY, QTYSUPPLIED) VALUES (14, 115, '2023-02-01', 'Chennai', 881)
INSERT INTO SupplyDetails (PID, SID, DATEOFSUPPLY, CITY, QTYSUPPLIED) VALUES (49, 113, '2024-12-21', 'Mumbai', 273)
INSERT INTO SupplyDetails (PID, SID, DATEOFSUPPLY, CITY, QTYSUPPLIED) VALUES (19, 104, '2024-03-26', 'Pune', 1993)
INSERT INTO SupplyDetails (PID, SID, DATEOFSUPPLY, CITY, QTYSUPPLIED) VALUES (20, 113, '2025-01-05', 'Chennai', 83)
INSERT INTO SupplyDetails (PID, SID, DATEOFSUPPLY, CITY, QTYSUPPLIED) VALUES (28, 107, '2025-06-13', 'Hyderabad', 70)
INSERT INTO SupplyDetails (PID, SID, DATEOFSUPPLY, CITY, QTYSUPPLIED) VALUES (9, 104, '2023-02-04', 'Hyderabad', 85)
INSERT INTO SupplyDetails (PID, SID, DATEOFSUPPLY, CITY, QTYSUPPLIED) VALUES (38, 109, '2024-04-29', 'Pune', 140)
INSERT INTO SupplyDetails (PID, SID, DATEOFSUPPLY, CITY, QTYSUPPLIED) VALUES (49, 106, '2025-09-11', 'Hyderabad', 443)
INSERT INTO SupplyDetails (PID, SID, DATEOFSUPPLY, CITY, QTYSUPPLIED) VALUES (36, 112, '2024-12-01', 'Chennai', 128)
INSERT INTO SupplyDetails (PID, SID, DATEOFSUPPLY, CITY, QTYSUPPLIED) VALUES (18, 119, '2023-07-29', 'Indore', 95)
INSERT INTO SupplyDetails (PID, SID, DATEOFSUPPLY, CITY, QTYSUPPLIED) VALUES (16, 104, '2024-04-03', 'Mumbai', 218)
INSERT INTO SupplyDetails (PID, SID, DATEOFSUPPLY, CITY, QTYSUPPLIED) VALUES (4, 110, '2024-07-13', 'Jaipur', 164)
INSERT INTO SupplyDetails (PID, SID, DATEOFSUPPLY, CITY, QTYSUPPLIED) VALUES (36, 102, '2023-01-26', 'Kochi', 72)
INSERT INTO SupplyDetails (PID, SID, DATEOFSUPPLY, CITY, QTYSUPPLIED) VALUES (28, 119, '2023-07-13', 'Kochi', 13)
INSERT INTO SupplyDetails (PID, SID, DATEOFSUPPLY, CITY, QTYSUPPLIED) VALUES (32, 115, '2023-09-25', 'Bengaluru', 1155)
INSERT INTO SupplyDetails (PID, SID, DATEOFSUPPLY, CITY, QTYSUPPLIED) VALUES (9, 120, '2025-01-16', 'Mumbai', 41)
INSERT INTO SupplyDetails (PID, SID, DATEOFSUPPLY, CITY, QTYSUPPLIED) VALUES (16, 116, '2024-08-14', 'Mumbai', 47)
INSERT INTO SupplyDetails (PID, SID, DATEOFSUPPLY, CITY, QTYSUPPLIED) VALUES (48, 107, '2023-09-26', 'Hyderabad', 37)
INSERT INTO SupplyDetails (PID, SID, DATEOFSUPPLY, CITY, QTYSUPPLIED) VALUES (9, 107, '2025-03-05', 'Indore', 98)
INSERT INTO SupplyDetails (PID, SID, DATEOFSUPPLY, CITY, QTYSUPPLIED) VALUES (26, 107, '2025-05-05', 'Pune', 220)
INSERT INTO SupplyDetails (PID, SID, DATEOFSUPPLY, CITY, QTYSUPPLIED) VALUES (30, 104, '2023-08-23', 'Chennai', 9)
INSERT INTO SupplyDetails (PID, SID, DATEOFSUPPLY, CITY, QTYSUPPLIED) VALUES (13, 115, '2023-07-16', 'Indore', 7)
INSERT INTO SupplyDetails (PID, SID, DATEOFSUPPLY, CITY, QTYSUPPLIED) VALUES (38, 114, '2025-08-11', 'Bengaluru', 60)
INSERT INTO SupplyDetails (PID, SID, DATEOFSUPPLY, CITY, QTYSUPPLIED) VALUES (31, 108, '2024-04-06', 'Pune', 297)
INSERT INTO SupplyDetails (PID, SID, DATEOFSUPPLY, CITY, QTYSUPPLIED) VALUES (44, 105, '2025-09-19', 'Pune', 126)
INSERT INTO SupplyDetails (PID, SID, DATEOFSUPPLY, CITY, QTYSUPPLIED) VALUES (1, 103, '2023-10-23', 'Kochi', 288)
INSERT INTO SupplyDetails (PID, SID, DATEOFSUPPLY, CITY, QTYSUPPLIED) VALUES (25, 105, '2025-01-02', 'Hyderabad', 232)
INSERT INTO SupplyDetails (PID, SID, DATEOFSUPPLY, CITY, QTYSUPPLIED) VALUES (29, 114, '2024-09-21', 'Chennai', 45)
INSERT INTO SupplyDetails (PID, SID, DATEOFSUPPLY, CITY, QTYSUPPLIED) VALUES (6, 112, '2023-04-17', 'Bengaluru', 125)
INSERT INTO SupplyDetails (PID, SID, DATEOFSUPPLY, CITY, QTYSUPPLIED) VALUES (41, 111, '2024-02-23', 'Delhi', 2)
INSERT INTO SupplyDetails (PID, SID, DATEOFSUPPLY, CITY, QTYSUPPLIED) VALUES (38, 110, '2025-08-01', 'Kochi', 92)
INSERT INTO SupplyDetails (PID, SID, DATEOFSUPPLY, CITY, QTYSUPPLIED) VALUES (32, 105, '2024-12-25', 'Bengaluru', 819)
INSERT INTO SupplyDetails (PID, SID, DATEOFSUPPLY, CITY, QTYSUPPLIED) VALUES (31, 112, '2023-01-26', 'Kochi', 998)
INSERT INTO SupplyDetails (PID, SID, DATEOFSUPPLY, CITY, QTYSUPPLIED) VALUES (1, 120, '2024-04-07', 'Delhi', 519)
INSERT INTO SupplyDetails (PID, SID, DATEOFSUPPLY, CITY, QTYSUPPLIED) VALUES (22, 117, '2024-01-19', 'Jaipur', 60)
INSERT INTO SupplyDetails (PID, SID, DATEOFSUPPLY, CITY, QTYSUPPLIED) VALUES (31, 118, '2023-08-17', 'Pune', 437)
INSERT INTO SupplyDetails (PID, SID, DATEOFSUPPLY, CITY, QTYSUPPLIED) VALUES (11, 107, '2025-06-13', 'Kochi', 19)
INSERT INTO SupplyDetails (PID, SID, DATEOFSUPPLY, CITY, QTYSUPPLIED) VALUES (36, 109, '2025-04-19', 'Kolkata', 100)
INSERT INTO SupplyDetails (PID, SID, DATEOFSUPPLY, CITY, QTYSUPPLIED) VALUES (50, 113, '2023-12-10', 'Mumbai', 256)
INSERT INTO SupplyDetails (PID, SID, DATEOFSUPPLY, CITY, QTYSUPPLIED) VALUES (31, 118, '2023-06-02', 'Mumbai', 662)
INSERT INTO SupplyDetails (PID, SID, DATEOFSUPPLY, CITY, QTYSUPPLIED) VALUES (8, 114, '2023-10-16', 'Pune', 178)
INSERT INTO SupplyDetails (PID, SID, DATEOFSUPPLY, CITY, QTYSUPPLIED) VALUES (31, 107, '2024-03-28', 'Mumbai', 734)
INSERT INTO SupplyDetails (PID, SID, DATEOFSUPPLY, CITY, QTYSUPPLIED) VALUES (38, 108, '2025-05-23', 'Hyderabad', 38)
INSERT INTO SupplyDetails (PID, SID, DATEOFSUPPLY, CITY, QTYSUPPLIED) VALUES (23, 104, '2025-06-07', 'Jaipur', 44)
INSERT INTO SupplyDetails (PID, SID, DATEOFSUPPLY, CITY, QTYSUPPLIED) VALUES (29, 118, '2024-12-31', 'Mumbai', 236)
INSERT INTO SupplyDetails (PID, SID, DATEOFSUPPLY, CITY, QTYSUPPLIED) VALUES (11, 110, '2024-06-26', 'Jaipur', 20)
INSERT INTO SupplyDetails (PID, SID, DATEOFSUPPLY, CITY, QTYSUPPLIED) VALUES (30, 111, '2025-07-15', 'Kochi', 47)
INSERT INTO SupplyDetails (PID, SID, DATEOFSUPPLY, CITY, QTYSUPPLIED) VALUES (48, 104, '2023-01-21', 'Kochi', 56)
INSERT INTO SupplyDetails (PID, SID, DATEOFSUPPLY, CITY, QTYSUPPLIED) VALUES (33, 118, '2024-06-18', 'Mumbai', 323)
INSERT INTO SupplyDetails (PID, SID, DATEOFSUPPLY, CITY, QTYSUPPLIED) VALUES (44, 119, '2023-10-16', 'Jaipur', 65)
INSERT INTO SupplyDetails (PID, SID, DATEOFSUPPLY, CITY, QTYSUPPLIED) VALUES (23, 104, '2024-07-20', 'Kochi', 39)
INSERT INTO SupplyDetails (PID, SID, DATEOFSUPPLY, CITY, QTYSUPPLIED) VALUES (20, 104, '2023-10-26', 'Kochi', 158)
INSERT INTO SupplyDetails (PID, SID, DATEOFSUPPLY, CITY, QTYSUPPLIED) VALUES (20, 102, '2025-04-12', 'Delhi', 268)
INSERT INTO SupplyDetails (PID, SID, DATEOFSUPPLY, CITY, QTYSUPPLIED) VALUES (36, 119, '2023-10-13', 'Delhi', 12)
INSERT INTO SupplyDetails (PID, SID, DATEOFSUPPLY, CITY, QTYSUPPLIED) VALUES (46, 113, '2024-11-30', 'Delhi', 27)
INSERT INTO SupplyDetails (PID, SID, DATEOFSUPPLY, CITY, QTYSUPPLIED) VALUES (29, 104, '2025-01-16', 'Kolkata', 256)
INSERT INTO SupplyDetails (PID, SID, DATEOFSUPPLY, CITY, QTYSUPPLIED) VALUES (22, 108, '2025-03-11', 'Delhi', 91)
INSERT INTO SupplyDetails (PID, SID, DATEOFSUPPLY, CITY, QTYSUPPLIED) VALUES (12, 116, '2025-02-24', 'Delhi', 9)
INSERT INTO SupplyDetails (PID, SID, DATEOFSUPPLY, CITY, QTYSUPPLIED) VALUES (43, 108, '2025-03-04', 'Kochi', 68)
INSERT INTO SupplyDetails (PID, SID, DATEOFSUPPLY, CITY, QTYSUPPLIED) VALUES (17, 108, '2023-10-02', 'Indore', 161)
INSERT INTO SupplyDetails (PID, SID, DATEOFSUPPLY, CITY, QTYSUPPLIED) VALUES (31, 101, '2023-01-29', 'Hyderabad', 601)
INSERT INTO SupplyDetails (PID, SID, DATEOFSUPPLY, CITY, QTYSUPPLIED) VALUES (28, 111, '2024-11-21', 'Kochi', 92)
INSERT INTO SupplyDetails (PID, SID, DATEOFSUPPLY, CITY, QTYSUPPLIED) VALUES (3, 116, '2025-04-24', 'Jaipur', 57)
INSERT INTO SupplyDetails (PID, SID, DATEOFSUPPLY, CITY, QTYSUPPLIED) VALUES (30, 108, '2024-07-01', 'Kochi', 63)
INSERT INTO SupplyDetails (PID, SID, DATEOFSUPPLY, CITY, QTYSUPPLIED) VALUES (40, 117, '2025-01-15', 'Jaipur', 96)
INSERT INTO SupplyDetails (PID, SID, DATEOFSUPPLY, CITY, QTYSUPPLIED) VALUES (10, 117, '2024-10-07', 'Bengaluru', 46)
INSERT INTO SupplyDetails (PID, SID, DATEOFSUPPLY, CITY, QTYSUPPLIED) VALUES (26, 118, '2023-01-21', 'Mumbai', 28)
INSERT INTO SupplyDetails (PID, SID, DATEOFSUPPLY, CITY, QTYSUPPLIED) VALUES (11, 102, '2023-03-18', 'Mumbai', 1)
INSERT INTO SupplyDetails (PID, SID, DATEOFSUPPLY, CITY, QTYSUPPLIED) VALUES (44, 107, '2023-07-12', 'Kolkata', 378)
INSERT INTO SupplyDetails (PID, SID, DATEOFSUPPLY, CITY, QTYSUPPLIED) VALUES (38, 120, '2025-05-08', 'Bengaluru', 142)
INSERT INTO SupplyDetails (PID, SID, DATEOFSUPPLY, CITY, QTYSUPPLIED) VALUES (6, 111, '2023-02-13', 'Kochi', 643)
INSERT INTO SupplyDetails (PID, SID, DATEOFSUPPLY, CITY, QTYSUPPLIED) VALUES (22, 109, '2024-12-05', 'Hyderabad', 89)
INSERT INTO SupplyDetails (PID, SID, DATEOFSUPPLY, CITY, QTYSUPPLIED) VALUES (11, 116, '2023-04-05', 'Chennai', 12)
INSERT INTO SupplyDetails (PID, SID, DATEOFSUPPLY, CITY, QTYSUPPLIED) VALUES (1, 114, '2025-07-30', 'Delhi', 402)
INSERT INTO SupplyDetails (PID, SID, DATEOFSUPPLY, CITY, QTYSUPPLIED) VALUES (8, 117, '2024-01-12', 'Kolkata', 577)
INSERT INTO SupplyDetails (PID, SID, DATEOFSUPPLY, CITY, QTYSUPPLIED) VALUES (9, 106, '2024-06-01', 'Chennai', 81)
INSERT INTO SupplyDetails (PID, SID, DATEOFSUPPLY, CITY, QTYSUPPLIED) VALUES (29, 106, '2023-05-05', 'Hyderabad', 22)
INSERT INTO SupplyDetails (PID, SID, DATEOFSUPPLY, CITY, QTYSUPPLIED) VALUES (39, 108, '2025-06-30', 'Chennai', 248)
INSERT INTO SupplyDetails (PID, SID, DATEOFSUPPLY, CITY, QTYSUPPLIED) VALUES (47, 115, '2025-09-15', 'Bengaluru', 32)
INSERT INTO SupplyDetails (PID, SID, DATEOFSUPPLY, CITY, QTYSUPPLIED) VALUES (8, 103, '2025-04-25', 'Mumbai', 5)
INSERT INTO SupplyDetails (PID, SID, DATEOFSUPPLY, CITY, QTYSUPPLIED) VALUES (43, 109, '2023-06-22', 'Indore', 56)
INSERT INTO SupplyDetails (PID, SID, DATEOFSUPPLY, CITY, QTYSUPPLIED) VALUES (40, 105, '2024-04-22', 'Hyderabad', 98)
INSERT INTO SupplyDetails (PID, SID, DATEOFSUPPLY, CITY, QTYSUPPLIED) VALUES (37, 117, '2024-06-29', 'Pune', 35)
INSERT INTO SupplyDetails (PID, SID, DATEOFSUPPLY, CITY, QTYSUPPLIED) VALUES (22, 104, '2023-09-03', 'Jaipur', 158)
INSERT INTO SupplyDetails (PID, SID, DATEOFSUPPLY, CITY, QTYSUPPLIED) VALUES (29, 109, '2024-08-09', 'Kolkata', 29)
INSERT INTO SupplyDetails (PID, SID, DATEOFSUPPLY, CITY, QTYSUPPLIED) VALUES (20, 110, '2025-05-11', 'Bengaluru', 236)
INSERT INTO SupplyDetails (PID, SID, DATEOFSUPPLY, CITY, QTYSUPPLIED) VALUES (32, 113, '2024-09-02', 'Chennai', 136)
INSERT INTO SupplyDetails (PID, SID, DATEOFSUPPLY, CITY, QTYSUPPLIED) VALUES (42, 119, '2023-05-08', 'Hyderabad', 85)
INSERT INTO SupplyDetails (PID, SID, DATEOFSUPPLY, CITY, QTYSUPPLIED) VALUES (28, 107, '2024-10-06', 'Delhi', 6)
INSERT INTO SupplyDetails (PID, SID, DATEOFSUPPLY, CITY, QTYSUPPLIED) VALUES (40, 110, '2023-10-04', 'Kolkata', 70)
INSERT INTO SupplyDetails (PID, SID, DATEOFSUPPLY, CITY, QTYSUPPLIED) VALUES (5, 105, '2025-09-04', 'Kolkata', 204)
INSERT INTO SupplyDetails (PID, SID, DATEOFSUPPLY, CITY, QTYSUPPLIED) VALUES (35, 101, '2024-10-16', 'Mumbai', 31)
INSERT INTO SupplyDetails (PID, SID, DATEOFSUPPLY, CITY, QTYSUPPLIED) VALUES (4, 120, '2024-03-25', 'Bengaluru', 83)
INSERT INTO SupplyDetails (PID, SID, DATEOFSUPPLY, CITY, QTYSUPPLIED) VALUES (35, 116, '2023-11-21', 'Pune', 14)
INSERT INTO SupplyDetails (PID, SID, DATEOFSUPPLY, CITY, QTYSUPPLIED) VALUES (5, 108, '2023-07-06', 'Pune', 29)
INSERT INTO SupplyDetails (PID, SID, DATEOFSUPPLY, CITY, QTYSUPPLIED) VALUES (25, 113, '2023-09-07', 'Chennai', 118)
INSERT INTO SupplyDetails (PID, SID, DATEOFSUPPLY, CITY, QTYSUPPLIED) VALUES (12, 110, '2025-06-17', 'Mumbai', 51)
INSERT INTO SupplyDetails (PID, SID, DATEOFSUPPLY, CITY, QTYSUPPLIED) VALUES (18, 117, '2024-07-24', 'Hyderabad', 134)
INSERT INTO SupplyDetails (PID, SID, DATEOFSUPPLY, CITY, QTYSUPPLIED) VALUES (23, 101, '2023-08-15', 'Jaipur', 44)
INSERT INTO SupplyDetails (PID, SID, DATEOFSUPPLY, CITY, QTYSUPPLIED) VALUES (50, 105, '2023-11-13', 'Indore', 242)
INSERT INTO SupplyDetails (PID, SID, DATEOFSUPPLY, CITY, QTYSUPPLIED) VALUES (18, 110, '2023-09-30', 'Mumbai', 95)
INSERT INTO SupplyDetails (PID, SID, DATEOFSUPPLY, CITY, QTYSUPPLIED) VALUES (22, 117, '2024-05-20', 'Bengaluru', 20)
INSERT INTO SupplyDetails (PID, SID, DATEOFSUPPLY, CITY, QTYSUPPLIED) VALUES (21, 118, '2025-06-01', 'Chennai', 82)
INSERT INTO SupplyDetails (PID, SID, DATEOFSUPPLY, CITY, QTYSUPPLIED) VALUES (11, 106, '2023-06-14', 'Bengaluru', 24)
INSERT INTO SupplyDetails (PID, SID, DATEOFSUPPLY, CITY, QTYSUPPLIED) VALUES (41, 116, '2025-03-19', 'Kolkata', 26)
INSERT INTO SupplyDetails (PID, SID, DATEOFSUPPLY, CITY, QTYSUPPLIED) VALUES (1, 108, '2024-01-15', 'Indore', 158)
INSERT INTO SupplyDetails (PID, SID, DATEOFSUPPLY, CITY, QTYSUPPLIED) VALUES (3, 107, '2024-09-21', 'Jaipur', 60)
INSERT INTO SupplyDetails (PID, SID, DATEOFSUPPLY, CITY, QTYSUPPLIED) VALUES (34, 108, '2023-08-03', 'Kolkata', 56)
INSERT INTO SupplyDetails (PID, SID, DATEOFSUPPLY, CITY, QTYSUPPLIED) VALUES (43, 119, '2024-04-02', 'Delhi', 226)
INSERT INTO SupplyDetails (PID, SID, DATEOFSUPPLY, CITY, QTYSUPPLIED) VALUES (24, 115, '2023-05-03', 'Mumbai', 53)
INSERT INTO SupplyDetails (PID, SID, DATEOFSUPPLY, CITY, QTYSUPPLIED) VALUES (42, 104, '2025-01-10', 'Mumbai', 47)
INSERT INTO SupplyDetails (PID, SID, DATEOFSUPPLY, CITY, QTYSUPPLIED) VALUES (39, 117, '2025-09-13', 'Chennai', 504)
INSERT INTO SupplyDetails (PID, SID, DATEOFSUPPLY, CITY, QTYSUPPLIED) VALUES (27, 108, '2024-12-09', 'Jaipur', 467)
INSERT INTO SupplyDetails (PID, SID, DATEOFSUPPLY, CITY, QTYSUPPLIED) VALUES (28, 120, '2024-08-23', 'Pune', 136)
INSERT INTO SupplyDetails (PID, SID, DATEOFSUPPLY, CITY, QTYSUPPLIED) VALUES (46, 103, '2023-05-11', 'Indore', 22)
INSERT INTO SupplyDetails (PID, SID, DATEOFSUPPLY, CITY, QTYSUPPLIED) VALUES (48, 104, '2024-02-24', 'Jaipur', 43)
INSERT INTO SupplyDetails (PID, SID, DATEOFSUPPLY, CITY, QTYSUPPLIED) VALUES (33, 116, '2024-03-06', 'Jaipur', 598)
INSERT INTO SupplyDetails (PID, SID, DATEOFSUPPLY, CITY, QTYSUPPLIED) VALUES (48, 114, '2025-07-20', 'Kolkata', 34)
INSERT INTO SupplyDetails (PID, SID, DATEOFSUPPLY, CITY, QTYSUPPLIED) VALUES (27, 108, '2024-10-25', 'Kolkata', 408)
INSERT INTO SupplyDetails (PID, SID, DATEOFSUPPLY, CITY, QTYSUPPLIED) VALUES (45, 106, '2023-06-04', 'Jaipur', 14)
INSERT INTO SupplyDetails (PID, SID, DATEOFSUPPLY, CITY, QTYSUPPLIED) VALUES (23, 117, '2023-07-11', 'Indore', 28)
INSERT INTO SupplyDetails (PID, SID, DATEOFSUPPLY, CITY, QTYSUPPLIED) VALUES (27, 104, '2023-09-10', 'Pune', 358)
INSERT INTO SupplyDetails (PID, SID, DATEOFSUPPLY, CITY, QTYSUPPLIED) VALUES (20, 106, '2024-12-31', 'Pune', 28)
INSERT INTO SupplyDetails (PID, SID, DATEOFSUPPLY, CITY, QTYSUPPLIED) VALUES (21, 110, '2025-07-17', 'Pune', 8)
INSERT INTO SupplyDetails (PID, SID, DATEOFSUPPLY, CITY, QTYSUPPLIED) VALUES (16, 109, '2024-04-05', 'Chennai', 234)
INSERT INTO SupplyDetails (PID, SID, DATEOFSUPPLY, CITY, QTYSUPPLIED) VALUES (31, 112, '2024-05-22', 'Bengaluru', 112)
INSERT INTO SupplyDetails (PID, SID, DATEOFSUPPLY, CITY, QTYSUPPLIED) VALUES (44, 116, '2024-12-10', 'Indore', 185)
INSERT INTO SupplyDetails (PID, SID, DATEOFSUPPLY, CITY, QTYSUPPLIED) VALUES (40, 104, '2024-03-12', 'Chennai', 57)
INSERT INTO SupplyDetails (PID, SID, DATEOFSUPPLY, CITY, QTYSUPPLIED) VALUES (46, 114, '2024-11-01', 'Jaipur', 10)
INSERT INTO SupplyDetails (PID, SID, DATEOFSUPPLY, CITY, QTYSUPPLIED) VALUES (39, 113, '2025-09-25', 'Chennai', 657)
INSERT INTO SupplyDetails (PID, SID, DATEOFSUPPLY, CITY, QTYSUPPLIED) VALUES (39, 108, '2025-08-23', 'Kolkata', 69)
INSERT INTO SupplyDetails (PID, SID, DATEOFSUPPLY, CITY, QTYSUPPLIED) VALUES (44, 109, '2024-05-19', 'Bengaluru', 235)
INSERT INTO SupplyDetails (PID, SID, DATEOFSUPPLY, CITY, QTYSUPPLIED) VALUES (11, 119, '2025-08-28', 'Kolkata', 21)
INSERT INTO SupplyDetails (PID, SID, DATEOFSUPPLY, CITY, QTYSUPPLIED) VALUES (22, 117, '2024-04-10', 'Kolkata', 98)
INSERT INTO SupplyDetails (PID, SID, DATEOFSUPPLY, CITY, QTYSUPPLIED) VALUES (48, 117, '2024-11-30', 'Kochi', 45)
INSERT INTO SupplyDetails (PID, SID, DATEOFSUPPLY, CITY, QTYSUPPLIED) VALUES (43, 118, '2023-01-03', 'Mumbai', 75)
INSERT INTO SupplyDetails (PID, SID, DATEOFSUPPLY, CITY, QTYSUPPLIED) VALUES (17, 113, '2023-09-24', 'Hyderabad', 160)
INSERT INTO SupplyDetails (PID, SID, DATEOFSUPPLY, CITY, QTYSUPPLIED) VALUES (46, 111, '2025-03-09', 'Indore', 24)
INSERT INTO SupplyDetails (PID, SID, DATEOFSUPPLY, CITY, QTYSUPPLIED) VALUES (33, 111, '2023-01-25', 'Delhi', 673)
INSERT INTO SupplyDetails (PID, SID, DATEOFSUPPLY, CITY, QTYSUPPLIED) VALUES (43, 108, '2024-12-20', 'Kochi', 128)
INSERT INTO SupplyDetails (PID, SID, DATEOFSUPPLY, CITY, QTYSUPPLIED) VALUES (40, 114, '2023-11-19', 'Hyderabad', 8)
INSERT INTO SupplyDetails (PID, SID, DATEOFSUPPLY, CITY, QTYSUPPLIED) VALUES (41, 119, '2024-07-18', 'Chennai', 30)
INSERT INTO SupplyDetails (PID, SID, DATEOFSUPPLY, CITY, QTYSUPPLIED) VALUES (19, 120, '2025-09-24', 'Chennai', 661)
INSERT INTO SupplyDetails (PID, SID, DATEOFSUPPLY, CITY, QTYSUPPLIED) VALUES (21, 106, '2023-07-21', 'Chennai', 384)
INSERT INTO SupplyDetails (PID, SID, DATEOFSUPPLY, CITY, QTYSUPPLIED) VALUES (1, 103, '2023-10-20', 'Pune', 153)
INSERT INTO SupplyDetails (PID, SID, DATEOFSUPPLY, CITY, QTYSUPPLIED) VALUES (9, 110, '2025-04-12', 'Kolkata', 35)
INSERT INTO SupplyDetails (PID, SID, DATEOFSUPPLY, CITY, QTYSUPPLIED) VALUES (41, 110, '2024-03-22', 'Chennai', 64)
INSERT INTO SupplyDetails (PID, SID, DATEOFSUPPLY, CITY, QTYSUPPLIED) VALUES (10, 103, '2024-07-18', 'Jaipur', 66)
INSERT INTO SupplyDetails (PID, SID, DATEOFSUPPLY, CITY, QTYSUPPLIED) VALUES (12, 109, '2024-02-22', 'Bengaluru', 13)
INSERT INTO SupplyDetails (PID, SID, DATEOFSUPPLY, CITY, QTYSUPPLIED) VALUES (42, 106, '2025-08-12', 'Delhi', 91)
INSERT INTO SupplyDetails (PID, SID, DATEOFSUPPLY, CITY, QTYSUPPLIED) VALUES (41, 120, '2025-08-18', 'Jaipur', 51)
INSERT INTO SupplyDetails (PID, SID, DATEOFSUPPLY, CITY, QTYSUPPLIED) VALUES (41, 117, '2024-07-22', 'Delhi', 17)
INSERT INTO SupplyDetails (PID, SID, DATEOFSUPPLY, CITY, QTYSUPPLIED) VALUES (20, 105, '2023-08-03', 'Hyderabad', 321)
INSERT INTO SupplyDetails (PID, SID, DATEOFSUPPLY, CITY, QTYSUPPLIED) VALUES (37, 113, '2023-06-20', 'Kolkata', 17)
INSERT INTO SupplyDetails (PID, SID, DATEOFSUPPLY, CITY, QTYSUPPLIED) VALUES (31, 108, '2025-01-05', 'Jaipur', 842)
INSERT INTO SupplyDetails (PID, SID, DATEOFSUPPLY, CITY, QTYSUPPLIED) VALUES (3, 105, '2024-05-24', 'Kochi', 113)
INSERT INTO SupplyDetails (PID, SID, DATEOFSUPPLY, CITY, QTYSUPPLIED) VALUES (44, 107, '2023-04-28', 'Hyderabad', 195)
INSERT INTO SupplyDetails (PID, SID, DATEOFSUPPLY, CITY, QTYSUPPLIED) VALUES (50, 120, '2025-08-20', 'Indore', 166)
INSERT INTO SupplyDetails (PID, SID, DATEOFSUPPLY, CITY, QTYSUPPLIED) VALUES (1, 112, '2024-07-09', 'Bengaluru', 7)
INSERT INTO SupplyDetails (PID, SID, DATEOFSUPPLY, CITY, QTYSUPPLIED) VALUES (2, 103, '2024-07-08', 'Kochi', 214)
INSERT INTO SupplyDetails (PID, SID, DATEOFSUPPLY, CITY, QTYSUPPLIED) VALUES (12, 120, '2025-04-06', 'Hyderabad', 82)
INSERT INTO SupplyDetails (PID, SID, DATEOFSUPPLY, CITY, QTYSUPPLIED) VALUES (37, 102, '2025-09-23', 'Mumbai', 36)
INSERT INTO SupplyDetails (PID, SID, DATEOFSUPPLY, CITY, QTYSUPPLIED) VALUES (10, 104, '2023-08-11', 'Mumbai', 67)
INSERT INTO SupplyDetails (PID, SID, DATEOFSUPPLY, CITY, QTYSUPPLIED) VALUES (20, 111, '2024-06-20', 'Indore', 53)
INSERT INTO SupplyDetails (PID, SID, DATEOFSUPPLY, CITY, QTYSUPPLIED) VALUES (12, 102, '2023-01-09', 'Mumbai', 43)
INSERT INTO SupplyDetails (PID, SID, DATEOFSUPPLY, CITY, QTYSUPPLIED) VALUES (15, 108, '2024-12-21', 'Kochi', 944)
INSERT INTO SupplyDetails (PID, SID, DATEOFSUPPLY, CITY, QTYSUPPLIED) VALUES (44, 105, '2023-06-01', 'Chennai', 153)
INSERT INTO SupplyDetails (PID, SID, DATEOFSUPPLY, CITY, QTYSUPPLIED) VALUES (29, 110, '2023-07-21', 'Pune', 117)
INSERT INTO SupplyDetails (PID, SID, DATEOFSUPPLY, CITY, QTYSUPPLIED) VALUES (39, 103, '2024-05-30', 'Hyderabad', 853)
INSERT INTO SupplyDetails (PID, SID, DATEOFSUPPLY, CITY, QTYSUPPLIED) VALUES (19, 113, '2024-03-01', 'Kochi', 1773)
INSERT INTO SupplyDetails (PID, SID, DATEOFSUPPLY, CITY, QTYSUPPLIED) VALUES (21, 118, '2024-05-22', 'Bengaluru', 86)
INSERT INTO SupplyDetails (PID, SID, DATEOFSUPPLY, CITY, QTYSUPPLIED) VALUES (2, 117, '2025-05-20', 'Indore', 567)
INSERT INTO SupplyDetails (PID, SID, DATEOFSUPPLY, CITY, QTYSUPPLIED) VALUES (32, 102, '2024-10-13', 'Delhi', 111)
INSERT INTO SupplyDetails (PID, SID, DATEOFSUPPLY, CITY, QTYSUPPLIED) VALUES (3, 118, '2023-08-25', 'Indore', 96)
INSERT INTO SupplyDetails (PID, SID, DATEOFSUPPLY, CITY, QTYSUPPLIED) VALUES (26, 114, '2023-09-12', 'Indore', 14)
INSERT INTO SupplyDetails (PID, SID, DATEOFSUPPLY, CITY, QTYSUPPLIED) VALUES (30, 112, '2024-03-20', 'Mumbai', 36)
INSERT INTO SupplyDetails (PID, SID, DATEOFSUPPLY, CITY, QTYSUPPLIED) VALUES (7, 108, '2023-04-14', 'Mumbai', 15)
INSERT INTO SupplyDetails (PID, SID, DATEOFSUPPLY, CITY, QTYSUPPLIED) VALUES (27, 102, '2024-01-14', 'Delhi', 49)
INSERT INTO SupplyDetails (PID, SID, DATEOFSUPPLY, CITY, QTYSUPPLIED) VALUES (36, 112, '2024-03-27', 'Mumbai', 30)
INSERT INTO SupplyDetails (PID, SID, DATEOFSUPPLY, CITY, QTYSUPPLIED) VALUES (2, 108, '2023-12-01', 'Indore', 527)
INSERT INTO SupplyDetails (PID, SID, DATEOFSUPPLY, CITY, QTYSUPPLIED) VALUES (43, 117, '2023-07-23', 'Chennai', 125)
INSERT INTO SupplyDetails (PID, SID, DATEOFSUPPLY, CITY, QTYSUPPLIED) VALUES (5, 111, '2024-12-21', 'Chennai', 126)
INSERT INTO SupplyDetails (PID, SID, DATEOFSUPPLY, CITY, QTYSUPPLIED) VALUES (49, 106, '2025-09-24', 'Kolkata', 3)
INSERT INTO SupplyDetails (PID, SID, DATEOFSUPPLY, CITY, QTYSUPPLIED) VALUES (43, 109, '2023-12-06', 'Indore', 206)
INSERT INTO SupplyDetails (PID, SID, DATEOFSUPPLY, CITY, QTYSUPPLIED) VALUES (47, 108, '2023-06-17', 'Pune', 28)
INSERT INTO SupplyDetails (PID, SID, DATEOFSUPPLY, CITY, QTYSUPPLIED) VALUES (43, 119, '2025-07-16', 'Pune', 162)
INSERT INTO SupplyDetails (PID, SID, DATEOFSUPPLY, CITY, QTYSUPPLIED) VALUES (43, 106, '2025-05-06', 'Indore', 40)
INSERT INTO SupplyDetails (PID, SID, DATEOFSUPPLY, CITY, QTYSUPPLIED) VALUES (36, 117, '2025-02-24', 'Kolkata', 13)
INSERT INTO SupplyDetails (PID, SID, DATEOFSUPPLY, CITY, QTYSUPPLIED) VALUES (48, 115, '2023-10-27', 'Kochi', 5)
INSERT INTO SupplyDetails (PID, SID, DATEOFSUPPLY, CITY, QTYSUPPLIED) VALUES (30, 109, '2023-11-05', 'Kochi', 32)
INSERT INTO SupplyDetails (PID, SID, DATEOFSUPPLY, CITY, QTYSUPPLIED) VALUES (19, 118, '2025-07-30', 'Chennai', 511)
INSERT INTO SupplyDetails (PID, SID, DATEOFSUPPLY, CITY, QTYSUPPLIED) VALUES (1, 102, '2024-04-29', 'Kochi', 294)
INSERT INTO SupplyDetails (PID, SID, DATEOFSUPPLY, CITY, QTYSUPPLIED) VALUES (2, 103, '2024-11-25', 'Indore', 613)
INSERT INTO SupplyDetails (PID, SID, DATEOFSUPPLY, CITY, QTYSUPPLIED) VALUES (24, 120, '2025-09-03', 'Kolkata', 46)
INSERT INTO SupplyDetails (PID, SID, DATEOFSUPPLY, CITY, QTYSUPPLIED) VALUES (15, 120, '2023-11-01', 'Mumbai', 835)
INSERT INTO SupplyDetails (PID, SID, DATEOFSUPPLY, CITY, QTYSUPPLIED) VALUES (37, 101, '2023-07-18', 'Bengaluru', 77)
INSERT INTO SupplyDetails (PID, SID, DATEOFSUPPLY, CITY, QTYSUPPLIED) VALUES (38, 106, '2024-01-12', 'Kochi', 89)
INSERT INTO SupplyDetails (PID, SID, DATEOFSUPPLY, CITY, QTYSUPPLIED) VALUES (20, 116, '2023-08-03', 'Hyderabad', 137)
INSERT INTO SupplyDetails (PID, SID, DATEOFSUPPLY, CITY, QTYSUPPLIED) VALUES (14, 112, '2024-04-01', 'Pune', 557)
INSERT INTO SupplyDetails (PID, SID, DATEOFSUPPLY, CITY, QTYSUPPLIED) VALUES (40, 114, '2025-03-27', 'Hyderabad', 99)
INSERT INTO SupplyDetails (PID, SID, DATEOFSUPPLY, CITY, QTYSUPPLIED) VALUES (30, 109, '2023-06-23', 'Bengaluru', 36)
INSERT INTO SupplyDetails (PID, SID, DATEOFSUPPLY, CITY, QTYSUPPLIED) VALUES (22, 101, '2025-06-10', 'Hyderabad', 59)
INSERT INTO SupplyDetails (PID, SID, DATEOFSUPPLY, CITY, QTYSUPPLIED) VALUES (2, 116, '2024-06-29', 'Mumbai', 363)
INSERT INTO SupplyDetails (PID, SID, DATEOFSUPPLY, CITY, QTYSUPPLIED) VALUES (46, 103, '2025-01-12', 'Indore', 36)
INSERT INTO SupplyDetails (PID, SID, DATEOFSUPPLY, CITY, QTYSUPPLIED) VALUES (23, 120, '2024-10-12', 'Mumbai', 41)
INSERT INTO SupplyDetails (PID, SID, DATEOFSUPPLY, CITY, QTYSUPPLIED) VALUES (5, 101, '2024-06-29', 'Hyderabad', 164)
INSERT INTO SupplyDetails (PID, SID, DATEOFSUPPLY, CITY, QTYSUPPLIED) VALUES (50, 102, '2023-01-08', 'Delhi', 135)
INSERT INTO SupplyDetails (PID, SID, DATEOFSUPPLY, CITY, QTYSUPPLIED) VALUES (22, 110, '2024-12-20', 'Pune', 59)
INSERT INTO SupplyDetails (PID, SID, DATEOFSUPPLY, CITY, QTYSUPPLIED) VALUES (17, 118, '2024-12-06', 'Hyderabad', 168)
INSERT INTO SupplyDetails (PID, SID, DATEOFSUPPLY, CITY, QTYSUPPLIED) VALUES (10, 104, '2024-02-15', 'Pune', 65)
INSERT INTO SupplyDetails (PID, SID, DATEOFSUPPLY, CITY, QTYSUPPLIED) VALUES (47, 119, '2025-02-07', 'Bengaluru', 6)
INSERT INTO SupplyDetails (PID, SID, DATEOFSUPPLY, CITY, QTYSUPPLIED) VALUES (24, 111, '2023-10-13', 'Chennai', 64)
INSERT INTO SupplyDetails (PID, SID, DATEOFSUPPLY, CITY, QTYSUPPLIED) VALUES (7, 118, '2024-07-05', 'Hyderabad', 14)
INSERT INTO SupplyDetails (PID, SID, DATEOFSUPPLY, CITY, QTYSUPPLIED) VALUES (37, 118, '2023-06-04', 'Chennai', 41)
INSERT INTO SupplyDetails (PID, SID, DATEOFSUPPLY, CITY, QTYSUPPLIED) VALUES (26, 110, '2024-11-21', 'Jaipur', 106)
INSERT INTO SupplyDetails (PID, SID, DATEOFSUPPLY, CITY, QTYSUPPLIED) VALUES (40, 102, '2023-08-31', 'Hyderabad', 13)
INSERT INTO SupplyDetails (PID, SID, DATEOFSUPPLY, CITY, QTYSUPPLIED) VALUES (3, 118, '2025-06-09', 'Delhi', 16)
INSERT INTO SupplyDetails (PID, SID, DATEOFSUPPLY, CITY, QTYSUPPLIED) VALUES (14, 107, '2024-12-05', 'Delhi', 782)
INSERT INTO SupplyDetails (PID, SID, DATEOFSUPPLY, CITY, QTYSUPPLIED) VALUES (25, 106, '2023-09-17', 'Indore', 272)
INSERT INTO SupplyDetails (PID, SID, DATEOFSUPPLY, CITY, QTYSUPPLIED) VALUES (7, 118, '2024-07-23', 'Chennai', 71)
INSERT INTO SupplyDetails (PID, SID, DATEOFSUPPLY, CITY, QTYSUPPLIED) VALUES (28, 110, '2024-01-23', 'Bengaluru', 125)
INSERT INTO SupplyDetails (PID, SID, DATEOFSUPPLY, CITY, QTYSUPPLIED) VALUES (49, 117, '2024-09-24', 'Indore', 6)
INSERT INTO SupplyDetails (PID, SID, DATEOFSUPPLY, CITY, QTYSUPPLIED) VALUES (46, 104, '2025-01-02', 'Chennai', 28)
INSERT INTO SupplyDetails (PID, SID, DATEOFSUPPLY, CITY, QTYSUPPLIED) VALUES (36, 119, '2023-04-17', 'Pune', 87)
INSERT INTO SupplyDetails (PID, SID, DATEOFSUPPLY, CITY, QTYSUPPLIED) VALUES (8, 105, '2023-09-04', 'Hyderabad', 403)
GO

SELECT * FROM SupplyDetails
GO

------- QUERIES --------
-- 1.	List the month-wise average supply of parts supplied for all parts. Provide the information only if the average is higher than 20.
SELECT 	DATENAME(MM,DATEOFSUPPLY) AS MONTH,
		DATEPART(MM,DATEOFSUPPLY) AS MONTHNUM,
		NAME,
		AVG(QTYSUPPLIED) AVGQTY 
FROM SupplyDetails S
JOIN PartMaster P
	ON S.PID = P.PID
GROUP BY NAME, DATENAME(MM,DATEOFSUPPLY),DATEPART(MM,DATEOFSUPPLY)
HAVING AVG(QTYSUPPLIED) > 20
ORDER BY DATEPART(MM,DATEOFSUPPLY) ASC
GO

-- 2.	List the names of the Suppliers who do not supply part with PID 1.
SELECT NAME FROM SupplierMaster sm
left join
SupplyDetails sd
on sd.SID = sm.SID and PID = 1
where sd.SID is null
GO

select Name from SupplierMaster SM 
where not exists
(
	Select SID from SupplyDetails SD
	WHERE SM.SID = SD.SID AND SD.PID = 1
)

-- 3.	List the part id, name, price and difference between price and average price of all parts.
Select PID, 
		NAME, 
		PRICE,
		PRICE-(Select AVG(PRICE) from PartMaster) as Difference 
From PartMaster
go

-- 4.	List the names of the suppliers who have supplied at least one part where the quantity supplied is lower than 10.
Select distinct NAME from SupplierMaster sm
join
SupplyDetails sd
on sm.SID = sd.SID
where QTYSUPPLIED < 10
go

-- 5.	List the names of the suppliers who live in a city where no supply has been made.
select Name 
	from SupplierMaster sm 
	where not exists
		(
			select sid from SupplyDetails sd
			where sm.CITY = sd.CITY
	)
go

-- 6.	List the names of the parts which have not been supplied in the month of May 2019.
Select Name 
	from PartMaster pm 
	where not exists
		(
			Select PID from SupplyDetails sd
			where pm.PID = sd.PID and DATEPART(MM,DATEOFSUPPLY) = 5 and DATEPART(YY,DATEOFSUPPLY) = 2025
	)
go

-- 7.	List name and Price category for all parts. Price category has to be displayed as Cheap if price is less than 100, Medium if the price is greater than or equal to 100 and less than 500, and Costly if the price is greater than or equal to 500.
select NAME,
	case
	when PRICE < 100 then 'Cheap'
	when PRICE >= 100 and PRICE >= 500 then 'Medium'
	else
	'Costly'
	end as Pricecategory
from PartMaster
go

-- 8.	List the most recent supply details with information on Product name, price and no. of days elapsed since the latest supply.
Select NAME, 
		PRICE,
		DATEDIFF(DD,DATEOFSUPPLY,GETDATE()) as noofdays 
From PartMaster pm
	join SupplyDetails sd
	on pm.PID = sd.PID
where DATEOFSUPPLY = (select MAX(dateofsupply) from SupplyDetails)
go

-- 9.	List the names of the suppliers who have supplied exactly 100 units of part P1.
select NAME,sd.PID,sum(QTYSUPPLIED) as totalqtysupplied 
From SupplyDetails sd
join
SupplierMaster sm
on sd.SID = sm.SID
where sd.PID = 1
group by NAME,sd.PID
having SUM(QTYSUPPLIED) = 330
go

With my_cte as
(
	select SID, SUM(QTYSUPPLIED) as Sum from SupplyDetails
	where PID = 1
	group by SID
)
select NAME from SupplierMaster sm
join
my_cte ct on sm.SID = ct.SID
where ct.Sum = 330
go

-- 10.	List the names of the parts supplied by more than one supplier.
with my_cte as
(
Select PID, COUNT(*) as noofpartssupplied
from SupplyDetails
group by PID
having COUNT(*) > 1
)
Select Name,noofpartssupplied from PartMaster pm
join
my_cte ct
on pm.PID = ct.PID
go

SELECT 
    PM.NAME AS PartName
FROM 
    SupplyDetails SD
JOIN 
    PartMaster PM ON SD.PID = PM.PID
GROUP BY 
    PM.NAME
HAVING 
    COUNT(DISTINCT SD.SID) > 1
go

-- 11.	List the names of the parts whose price is less than the average price of parts.
Select NAME,PRICE 
From PartMaster
where PRICE < (select AVG(PRICE) from PartMaster)
go

-- 12.	List the category-wise number of parts; exclude those where the sum is > 100 and less than 500. 
-- List in the descending order of sum.
Select Category, count(*) as Noofparts, SUM(QTYONHAND) Totalqty from PartMaster
group by CATEGORY
having not (SUM(QTYONHAND) > 100 and SUM(QTYONHAND) < 500)
order by Totalqty desc
go

-- 13.	List the supplier name, part name and supplied quantity for all supplies made between 1st and 15th of June 2020.
with my_cte as
(
	Select * from SupplyDetails
	where DATEPART(dd,DATEOFSUPPLY) >= 1 and DATEPART(dd,DATEOFSUPPLY) <= 15 
	and DATEPART(MM,DATEOFSUPPLY) = 6 
	and DATEPART(YY,DATEOFSUPPLY) = 2025
)
select sm.NAME,pm.NAME, SUM(qtysupplied) as totalqty from SupplierMaster sm
join
my_cte ct on sm.SID = ct.SID
join
PartMaster pm
on ct.PID = pm.PID
group by sm.NAME,pm.NAME
go

-- 14.	For all products supplied by Supplier S1, List the part name and total quantity.
Select NAME, SUM(QTYSUPPLIED) as Totalqty 
from PartMaster pm
join SupplyDetails sd
on pm.PID = sd.PID
where SID = 101
group by NAME
go

-- 15.	For the part with the minimum price, List the latest supply details (Supplier Name, Part id, Date of supply, Quantity Supplied).
select top 1 Name, pid, dateofsupply, QTYSUPPLIED from SupplyDetails sd
join
SupplierMaster sm
on sd.SID = sm.SID
where PID = 
			(
				select top 1 pid 
				from PartMaster 
				where PRICE = 
				(select MIN(Price) from PartMaster)
			)
order by DATEOFSUPPLY desc
go
